--
-- PostgreSQL database dump
--

-- Dumped from database version 12.17 (Ubuntu 12.17-0ubuntu0.20.04.1)
-- Dumped by pg_dump version 12.17 (Ubuntu 12.17-0ubuntu0.20.04.1)

SET statement_timeout = 0;
SET lock_timeout = 0;
SET idle_in_transaction_session_timeout = 0;
SET client_encoding = 'UTF8';
SET standard_conforming_strings = on;
SELECT pg_catalog.set_config('search_path', '', false);
SET check_function_bodies = false;
SET xmloption = content;
SET client_min_messages = warning;
SET row_security = off;

SET default_tablespace = '';

SET default_table_access_method = heap;

--
-- Name: auth_group; Type: TABLE; Schema: public; Owner: postgres
--

CREATE TABLE public.auth_group (
    id integer NOT NULL,
    name character varying(150) NOT NULL
);


ALTER TABLE public.auth_group OWNER TO postgres;

--
-- Name: auth_group_id_seq; Type: SEQUENCE; Schema: public; Owner: postgres
--

ALTER TABLE public.auth_group ALTER COLUMN id ADD GENERATED BY DEFAULT AS IDENTITY (
    SEQUENCE NAME public.auth_group_id_seq
    START WITH 1
    INCREMENT BY 1
    NO MINVALUE
    NO MAXVALUE
    CACHE 1
);


--
-- Name: auth_group_permissions; Type: TABLE; Schema: public; Owner: postgres
--

CREATE TABLE public.auth_group_permissions (
    id bigint NOT NULL,
    group_id integer NOT NULL,
    permission_id integer NOT NULL
);


ALTER TABLE public.auth_group_permissions OWNER TO postgres;

--
-- Name: auth_group_permissions_id_seq; Type: SEQUENCE; Schema: public; Owner: postgres
--

ALTER TABLE public.auth_group_permissions ALTER COLUMN id ADD GENERATED BY DEFAULT AS IDENTITY (
    SEQUENCE NAME public.auth_group_permissions_id_seq
    START WITH 1
    INCREMENT BY 1
    NO MINVALUE
    NO MAXVALUE
    CACHE 1
);


--
-- Name: auth_permission; Type: TABLE; Schema: public; Owner: postgres
--

CREATE TABLE public.auth_permission (
    id integer NOT NULL,
    name character varying(255) NOT NULL,
    content_type_id integer NOT NULL,
    codename character varying(100) NOT NULL
);


ALTER TABLE public.auth_permission OWNER TO postgres;

--
-- Name: auth_permission_id_seq; Type: SEQUENCE; Schema: public; Owner: postgres
--

ALTER TABLE public.auth_permission ALTER COLUMN id ADD GENERATED BY DEFAULT AS IDENTITY (
    SEQUENCE NAME public.auth_permission_id_seq
    START WITH 1
    INCREMENT BY 1
    NO MINVALUE
    NO MAXVALUE
    CACHE 1
);


--
-- Name: auth_user; Type: TABLE; Schema: public; Owner: postgres
--

CREATE TABLE public.auth_user (
    id integer NOT NULL,
    password character varying(128) NOT NULL,
    last_login timestamp with time zone,
    is_superuser boolean NOT NULL,
    username character varying(150) NOT NULL,
    first_name character varying(150) NOT NULL,
    last_name character varying(150) NOT NULL,
    email character varying(254) NOT NULL,
    is_staff boolean NOT NULL,
    is_active boolean NOT NULL,
    date_joined timestamp with time zone NOT NULL
);


ALTER TABLE public.auth_user OWNER TO postgres;

--
-- Name: auth_user_groups; Type: TABLE; Schema: public; Owner: postgres
--

CREATE TABLE public.auth_user_groups (
    id bigint NOT NULL,
    user_id integer NOT NULL,
    group_id integer NOT NULL
);


ALTER TABLE public.auth_user_groups OWNER TO postgres;

--
-- Name: auth_user_groups_id_seq; Type: SEQUENCE; Schema: public; Owner: postgres
--

ALTER TABLE public.auth_user_groups ALTER COLUMN id ADD GENERATED BY DEFAULT AS IDENTITY (
    SEQUENCE NAME public.auth_user_groups_id_seq
    START WITH 1
    INCREMENT BY 1
    NO MINVALUE
    NO MAXVALUE
    CACHE 1
);


--
-- Name: auth_user_id_seq; Type: SEQUENCE; Schema: public; Owner: postgres
--

ALTER TABLE public.auth_user ALTER COLUMN id ADD GENERATED BY DEFAULT AS IDENTITY (
    SEQUENCE NAME public.auth_user_id_seq
    START WITH 1
    INCREMENT BY 1
    NO MINVALUE
    NO MAXVALUE
    CACHE 1
);


--
-- Name: auth_user_user_permissions; Type: TABLE; Schema: public; Owner: postgres
--

CREATE TABLE public.auth_user_user_permissions (
    id bigint NOT NULL,
    user_id integer NOT NULL,
    permission_id integer NOT NULL
);


ALTER TABLE public.auth_user_user_permissions OWNER TO postgres;

--
-- Name: auth_user_user_permissions_id_seq; Type: SEQUENCE; Schema: public; Owner: postgres
--

ALTER TABLE public.auth_user_user_permissions ALTER COLUMN id ADD GENERATED BY DEFAULT AS IDENTITY (
    SEQUENCE NAME public.auth_user_user_permissions_id_seq
    START WITH 1
    INCREMENT BY 1
    NO MINVALUE
    NO MAXVALUE
    CACHE 1
);


--
-- Name: django_admin_log; Type: TABLE; Schema: public; Owner: postgres
--

CREATE TABLE public.django_admin_log (
    id integer NOT NULL,
    action_time timestamp with time zone NOT NULL,
    object_id text,
    object_repr character varying(200) NOT NULL,
    action_flag smallint NOT NULL,
    change_message text NOT NULL,
    content_type_id integer,
    user_id integer NOT NULL,
    CONSTRAINT django_admin_log_action_flag_check CHECK ((action_flag >= 0))
);


ALTER TABLE public.django_admin_log OWNER TO postgres;

--
-- Name: django_admin_log_id_seq; Type: SEQUENCE; Schema: public; Owner: postgres
--

ALTER TABLE public.django_admin_log ALTER COLUMN id ADD GENERATED BY DEFAULT AS IDENTITY (
    SEQUENCE NAME public.django_admin_log_id_seq
    START WITH 1
    INCREMENT BY 1
    NO MINVALUE
    NO MAXVALUE
    CACHE 1
);


--
-- Name: django_content_type; Type: TABLE; Schema: public; Owner: postgres
--

CREATE TABLE public.django_content_type (
    id integer NOT NULL,
    app_label character varying(100) NOT NULL,
    model character varying(100) NOT NULL
);


ALTER TABLE public.django_content_type OWNER TO postgres;

--
-- Name: django_content_type_id_seq; Type: SEQUENCE; Schema: public; Owner: postgres
--

ALTER TABLE public.django_content_type ALTER COLUMN id ADD GENERATED BY DEFAULT AS IDENTITY (
    SEQUENCE NAME public.django_content_type_id_seq
    START WITH 1
    INCREMENT BY 1
    NO MINVALUE
    NO MAXVALUE
    CACHE 1
);


--
-- Name: django_migrations; Type: TABLE; Schema: public; Owner: postgres
--

CREATE TABLE public.django_migrations (
    id bigint NOT NULL,
    app character varying(255) NOT NULL,
    name character varying(255) NOT NULL,
    applied timestamp with time zone NOT NULL
);


ALTER TABLE public.django_migrations OWNER TO postgres;

--
-- Name: django_migrations_id_seq; Type: SEQUENCE; Schema: public; Owner: postgres
--

ALTER TABLE public.django_migrations ALTER COLUMN id ADD GENERATED BY DEFAULT AS IDENTITY (
    SEQUENCE NAME public.django_migrations_id_seq
    START WITH 1
    INCREMENT BY 1
    NO MINVALUE
    NO MAXVALUE
    CACHE 1
);


--
-- Name: django_session; Type: TABLE; Schema: public; Owner: postgres
--

CREATE TABLE public.django_session (
    session_key character varying(40) NOT NULL,
    session_data text NOT NULL,
    expire_date timestamp with time zone NOT NULL
);


ALTER TABLE public.django_session OWNER TO postgres;

--
-- Name: inventory_buildingmaster; Type: TABLE; Schema: public; Owner: postgres
--

CREATE TABLE public.inventory_buildingmaster (
    building_id integer NOT NULL,
    building_name character varying(250) NOT NULL,
    est_id integer NOT NULL
);


ALTER TABLE public.inventory_buildingmaster OWNER TO postgres;

--
-- Name: inventory_buildingmaster_building_id_seq; Type: SEQUENCE; Schema: public; Owner: postgres
--

ALTER TABLE public.inventory_buildingmaster ALTER COLUMN building_id ADD GENERATED BY DEFAULT AS IDENTITY (
    SEQUENCE NAME public.inventory_buildingmaster_building_id_seq
    START WITH 1
    INCREMENT BY 1
    NO MINVALUE
    NO MAXVALUE
    CACHE 1
);


--
-- Name: inventory_courtestablishmentmaster; Type: TABLE; Schema: public; Owner: postgres
--

CREATE TABLE public.inventory_courtestablishmentmaster (
    est_id integer NOT NULL,
    est_name character varying(250) NOT NULL
);


ALTER TABLE public.inventory_courtestablishmentmaster OWNER TO postgres;

--
-- Name: inventory_courtestablishmentmaster_est_id_seq; Type: SEQUENCE; Schema: public; Owner: postgres
--

ALTER TABLE public.inventory_courtestablishmentmaster ALTER COLUMN est_id ADD GENERATED BY DEFAULT AS IDENTITY (
    SEQUENCE NAME public.inventory_courtestablishmentmaster_est_id_seq
    START WITH 1
    INCREMENT BY 1
    NO MINVALUE
    NO MAXVALUE
    CACHE 1
);


--
-- Name: inventory_employee_journey; Type: TABLE; Schema: public; Owner: postgres
--

CREATE TABLE public.inventory_employee_journey (
    emp_jou_id integer NOT NULL,
    doj date NOT NULL,
    dot date NOT NULL,
    current_status character varying(10) NOT NULL,
    sdm_id integer NOT NULL,
    usr_id integer NOT NULL
);


ALTER TABLE public.inventory_employee_journey OWNER TO postgres;

--
-- Name: inventory_employee_journey_emp_jou_id_seq; Type: SEQUENCE; Schema: public; Owner: postgres
--

ALTER TABLE public.inventory_employee_journey ALTER COLUMN emp_jou_id ADD GENERATED BY DEFAULT AS IDENTITY (
    SEQUENCE NAME public.inventory_employee_journey_emp_jou_id_seq
    START WITH 1
    INCREMENT BY 1
    NO MINVALUE
    NO MAXVALUE
    CACHE 1
);


--
-- Name: inventory_healthstatusdetails; Type: TABLE; Schema: public; Owner: postgres
--

CREATE TABLE public.inventory_healthstatusdetails (
    health_id integer NOT NULL,
    product_healthy character varying(10) NOT NULL,
    health_remarks character varying(250) NOT NULL,
    product_status character varying(50) NOT NULL,
    status_date date NOT NULL,
    product_id integer NOT NULL
);


ALTER TABLE public.inventory_healthstatusdetails OWNER TO postgres;

--
-- Name: inventory_healthstatusdetails_health_id_seq; Type: SEQUENCE; Schema: public; Owner: postgres
--

ALTER TABLE public.inventory_healthstatusdetails ALTER COLUMN health_id ADD GENERATED BY DEFAULT AS IDENTITY (
    SEQUENCE NAME public.inventory_healthstatusdetails_health_id_seq
    START WITH 1
    INCREMENT BY 1
    NO MINVALUE
    NO MAXVALUE
    CACHE 1
);


--
-- Name: inventory_productcategorymaster; Type: TABLE; Schema: public; Owner: postgres
--

CREATE TABLE public.inventory_productcategorymaster (
    product_cat_id integer NOT NULL,
    product_type character varying(20) NOT NULL,
    product_cat_name character varying(250) NOT NULL
);


ALTER TABLE public.inventory_productcategorymaster OWNER TO postgres;

--
-- Name: inventory_productcategorymaster_product_cat_id_seq; Type: SEQUENCE; Schema: public; Owner: postgres
--

ALTER TABLE public.inventory_productcategorymaster ALTER COLUMN product_cat_id ADD GENERATED BY DEFAULT AS IDENTITY (
    SEQUENCE NAME public.inventory_productcategorymaster_product_cat_id_seq
    START WITH 1
    INCREMENT BY 1
    NO MINVALUE
    NO MAXVALUE
    CACHE 1
);


--
-- Name: inventory_productcompanymaster; Type: TABLE; Schema: public; Owner: postgres
--

CREATE TABLE public.inventory_productcompanymaster (
    product_com_id integer NOT NULL,
    product_com_name character varying(250) NOT NULL,
    product_cat_id integer NOT NULL
);


ALTER TABLE public.inventory_productcompanymaster OWNER TO postgres;

--
-- Name: inventory_productcompanymaster_product_com_id_seq; Type: SEQUENCE; Schema: public; Owner: postgres
--

ALTER TABLE public.inventory_productcompanymaster ALTER COLUMN product_com_id ADD GENERATED BY DEFAULT AS IDENTITY (
    SEQUENCE NAME public.inventory_productcompanymaster_product_com_id_seq
    START WITH 1
    INCREMENT BY 1
    NO MINVALUE
    NO MAXVALUE
    CACHE 1
);


--
-- Name: inventory_productdetails; Type: TABLE; Schema: public; Owner: postgres
--

CREATE TABLE public.inventory_productdetails (
    product_id integer NOT NULL,
    product_serialno character varying(250) NOT NULL,
    entry_date date NOT NULL,
    initial_quantity integer NOT NULL,
    current_quantity integer NOT NULL,
    cartridge_toner character varying(250) NOT NULL,
    remarks character varying(300) NOT NULL,
    product_new_or_open character varying(7) NOT NULL,
    product_mod_id integer NOT NULL,
    propur_id integer NOT NULL
);


ALTER TABLE public.inventory_productdetails OWNER TO postgres;

--
-- Name: inventory_productdetails_product_id_seq; Type: SEQUENCE; Schema: public; Owner: postgres
--

ALTER TABLE public.inventory_productdetails ALTER COLUMN product_id ADD GENERATED BY DEFAULT AS IDENTITY (
    SEQUENCE NAME public.inventory_productdetails_product_id_seq
    START WITH 1
    INCREMENT BY 1
    NO MINVALUE
    NO MAXVALUE
    CACHE 1
);


--
-- Name: inventory_productmodelmaster; Type: TABLE; Schema: public; Owner: postgres
--

CREATE TABLE public.inventory_productmodelmaster (
    product_mod_id integer NOT NULL,
    product_mod_name character varying(250) NOT NULL,
    product_com_id integer NOT NULL
);


ALTER TABLE public.inventory_productmodelmaster OWNER TO postgres;

--
-- Name: inventory_productmodelmaster_product_mod_id_seq; Type: SEQUENCE; Schema: public; Owner: postgres
--

ALTER TABLE public.inventory_productmodelmaster ALTER COLUMN product_mod_id ADD GENERATED BY DEFAULT AS IDENTITY (
    SEQUENCE NAME public.inventory_productmodelmaster_product_mod_id_seq
    START WITH 1
    INCREMENT BY 1
    NO MINVALUE
    NO MAXVALUE
    CACHE 1
);


--
-- Name: inventory_productpuchasedetails; Type: TABLE; Schema: public; Owner: postgres
--

CREATE TABLE public.inventory_productpuchasedetails (
    propur_id integer NOT NULL,
    propur_remarks character varying(350) NOT NULL,
    box_detail character varying(100) NOT NULL,
    purchase_id integer NOT NULL,
    no_of_item character varying(250) NOT NULL,
    product_id integer NOT NULL
);


ALTER TABLE public.inventory_productpuchasedetails OWNER TO postgres;

--
-- Name: inventory_productpuchasedetails_propur_id_seq; Type: SEQUENCE; Schema: public; Owner: postgres
--

ALTER TABLE public.inventory_productpuchasedetails ALTER COLUMN propur_id ADD GENERATED BY DEFAULT AS IDENTITY (
    SEQUENCE NAME public.inventory_productpuchasedetails_propur_id_seq
    START WITH 1
    INCREMENT BY 1
    NO MINVALUE
    NO MAXVALUE
    CACHE 1
);


--
-- Name: inventory_producttransactiondetails; Type: TABLE; Schema: public; Owner: postgres
--

CREATE TABLE public.inventory_producttransactiondetails (
    pro_trans_id integer NOT NULL,
    issue_date date NOT NULL,
    no_of_item_issue integer NOT NULL,
    issue_remarks character varying(250) NOT NULL,
    return_date date NOT NULL,
    no_of_item_return integer NOT NULL,
    return_remarks character varying(250) NOT NULL,
    trans_flag character varying(2) NOT NULL,
    product_id integer NOT NULL,
    sdm_id integer NOT NULL
);


ALTER TABLE public.inventory_producttransactiondetails OWNER TO postgres;

--
-- Name: inventory_producttransactiondetails_pro_trans_id_seq; Type: SEQUENCE; Schema: public; Owner: postgres
--

ALTER TABLE public.inventory_producttransactiondetails ALTER COLUMN pro_trans_id ADD GENERATED BY DEFAULT AS IDENTITY (
    SEQUENCE NAME public.inventory_producttransactiondetails_pro_trans_id_seq
    START WITH 1
    INCREMENT BY 1
    NO MINVALUE
    NO MAXVALUE
    CACHE 1
);


--
-- Name: inventory_purchasedetails; Type: TABLE; Schema: public; Owner: postgres
--

CREATE TABLE public.inventory_purchasedetails (
    purchase_id integer NOT NULL,
    purchase_date date NOT NULL,
    billmemono character varying(50) NOT NULL,
    purchased_by character varying(50) NOT NULL,
    purchased_for character varying(50) NOT NULL,
    purchase_remarks character varying(350) NOT NULL,
    billmemodoc character varying(100) NOT NULL
);


ALTER TABLE public.inventory_purchasedetails OWNER TO postgres;

--
-- Name: inventory_purchasedetails_purchase_id_seq; Type: SEQUENCE; Schema: public; Owner: postgres
--

ALTER TABLE public.inventory_purchasedetails ALTER COLUMN purchase_id ADD GENERATED BY DEFAULT AS IDENTITY (
    SEQUENCE NAME public.inventory_purchasedetails_purchase_id_seq
    START WITH 1
    INCREMENT BY 1
    NO MINVALUE
    NO MAXVALUE
    CACHE 1
);


--
-- Name: inventory_sectiondesignationmapper; Type: TABLE; Schema: public; Owner: postgres
--

CREATE TABLE public.inventory_sectiondesignationmapper (
    sdm_id integer NOT NULL,
    section_id integer NOT NULL,
    staff_id integer NOT NULL,
    ip_address character varying(250) NOT NULL
);


ALTER TABLE public.inventory_sectiondesignationmapper OWNER TO postgres;

--
-- Name: inventory_sectiondesignationmapper_sdm_id_seq; Type: SEQUENCE; Schema: public; Owner: postgres
--

ALTER TABLE public.inventory_sectiondesignationmapper ALTER COLUMN sdm_id ADD GENERATED BY DEFAULT AS IDENTITY (
    SEQUENCE NAME public.inventory_sectiondesignationmapper_sdm_id_seq
    START WITH 1
    INCREMENT BY 1
    NO MINVALUE
    NO MAXVALUE
    CACHE 1
);


--
-- Name: inventory_sectiondetails; Type: TABLE; Schema: public; Owner: postgres
--

CREATE TABLE public.inventory_sectiondetails (
    section_id integer NOT NULL,
    section_type character varying(10) NOT NULL,
    section_name character varying(250) NOT NULL,
    floor character varying(250) NOT NULL,
    roomno character varying(250) NOT NULL,
    landmark character varying(250) NOT NULL,
    deleted boolean NOT NULL,
    building_id integer NOT NULL
);


ALTER TABLE public.inventory_sectiondetails OWNER TO postgres;

--
-- Name: inventory_sectiondetails_section_id_seq; Type: SEQUENCE; Schema: public; Owner: postgres
--

ALTER TABLE public.inventory_sectiondetails ALTER COLUMN section_id ADD GENERATED BY DEFAULT AS IDENTITY (
    SEQUENCE NAME public.inventory_sectiondetails_section_id_seq
    START WITH 1
    INCREMENT BY 1
    NO MINVALUE
    NO MAXVALUE
    CACHE 1
);


--
-- Name: inventory_staffdesignationmaster; Type: TABLE; Schema: public; Owner: postgres
--

CREATE TABLE public.inventory_staffdesignationmaster (
    staff_id integer NOT NULL,
    staff_des_name character varying(250) NOT NULL,
    staff_type character varying(10) NOT NULL
);


ALTER TABLE public.inventory_staffdesignationmaster OWNER TO postgres;

--
-- Name: inventory_staffdesignationmaster_staff_id_seq; Type: SEQUENCE; Schema: public; Owner: postgres
--

ALTER TABLE public.inventory_staffdesignationmaster ALTER COLUMN staff_id ADD GENERATED BY DEFAULT AS IDENTITY (
    SEQUENCE NAME public.inventory_staffdesignationmaster_staff_id_seq
    START WITH 1
    INCREMENT BY 1
    NO MINVALUE
    NO MAXVALUE
    CACHE 1
);


--
-- Name: inventory_userdetails; Type: TABLE; Schema: public; Owner: postgres
--

CREATE TABLE public.inventory_userdetails (
    usr_id integer NOT NULL,
    usr_name character varying(250) NOT NULL,
    usr_mobile character varying(250) NOT NULL,
    entry_date date NOT NULL,
    usr_type character varying(10) NOT NULL,
    deleted boolean NOT NULL
);


ALTER TABLE public.inventory_userdetails OWNER TO postgres;

--
-- Name: inventory_userdetails_usr_id_seq; Type: SEQUENCE; Schema: public; Owner: postgres
--

ALTER TABLE public.inventory_userdetails ALTER COLUMN usr_id ADD GENERATED BY DEFAULT AS IDENTITY (
    SEQUENCE NAME public.inventory_userdetails_usr_id_seq
    START WITH 1
    INCREMENT BY 1
    NO MINVALUE
    NO MAXVALUE
    CACHE 1
);


--
-- Data for Name: auth_group; Type: TABLE DATA; Schema: public; Owner: postgres
--

COPY public.auth_group (id, name) FROM stdin;
\.


--
-- Data for Name: auth_group_permissions; Type: TABLE DATA; Schema: public; Owner: postgres
--

COPY public.auth_group_permissions (id, group_id, permission_id) FROM stdin;
\.


--
-- Data for Name: auth_permission; Type: TABLE DATA; Schema: public; Owner: postgres
--

COPY public.auth_permission (id, name, content_type_id, codename) FROM stdin;
1	Can add log entry	1	add_logentry
2	Can change log entry	1	change_logentry
3	Can delete log entry	1	delete_logentry
4	Can view log entry	1	view_logentry
5	Can add permission	2	add_permission
6	Can change permission	2	change_permission
7	Can delete permission	2	delete_permission
8	Can view permission	2	view_permission
9	Can add group	3	add_group
10	Can change group	3	change_group
11	Can delete group	3	delete_group
12	Can view group	3	view_group
13	Can add user	4	add_user
14	Can change user	4	change_user
15	Can delete user	4	delete_user
16	Can view user	4	view_user
17	Can add content type	5	add_contenttype
18	Can change content type	5	change_contenttype
19	Can delete content type	5	delete_contenttype
20	Can view content type	5	view_contenttype
21	Can add session	6	add_session
22	Can change session	6	change_session
23	Can delete session	6	delete_session
24	Can view session	6	view_session
25	Can add building master	7	add_buildingmaster
26	Can change building master	7	change_buildingmaster
27	Can delete building master	7	delete_buildingmaster
28	Can view building master	7	view_buildingmaster
29	Can add court establishment master	8	add_courtestablishmentmaster
30	Can change court establishment master	8	change_courtestablishmentmaster
31	Can delete court establishment master	8	delete_courtestablishmentmaster
32	Can view court establishment master	8	view_courtestablishmentmaster
33	Can add product category master	9	add_productcategorymaster
34	Can change product category master	9	change_productcategorymaster
35	Can delete product category master	9	delete_productcategorymaster
36	Can view product category master	9	view_productcategorymaster
37	Can add product company master	10	add_productcompanymaster
38	Can change product company master	10	change_productcompanymaster
39	Can delete product company master	10	delete_productcompanymaster
40	Can view product company master	10	view_productcompanymaster
41	Can add product details	11	add_productdetails
42	Can change product details	11	change_productdetails
43	Can delete product details	11	delete_productdetails
44	Can view product details	11	view_productdetails
45	Can add purchase details	12	add_purchasedetails
46	Can change purchase details	12	change_purchasedetails
47	Can delete purchase details	12	delete_purchasedetails
48	Can view purchase details	12	view_purchasedetails
49	Can add staff designation master	13	add_staffdesignationmaster
50	Can change staff designation master	13	change_staffdesignationmaster
51	Can delete staff designation master	13	delete_staffdesignationmaster
52	Can view staff designation master	13	view_staffdesignationmaster
53	Can add user details	14	add_userdetails
54	Can change user details	14	change_userdetails
55	Can delete user details	14	delete_userdetails
56	Can view user details	14	view_userdetails
57	Can add section details	15	add_sectiondetails
58	Can change section details	15	change_sectiondetails
59	Can delete section details	15	delete_sectiondetails
60	Can view section details	15	view_sectiondetails
61	Can add section designation mapper	16	add_sectiondesignationmapper
62	Can change section designation mapper	16	change_sectiondesignationmapper
63	Can delete section designation mapper	16	delete_sectiondesignationmapper
64	Can view section designation mapper	16	view_sectiondesignationmapper
65	Can add product transaction details	17	add_producttransactiondetails
66	Can change product transaction details	17	change_producttransactiondetails
67	Can delete product transaction details	17	delete_producttransactiondetails
68	Can view product transaction details	17	view_producttransactiondetails
69	Can add product puchase details	18	add_productpuchasedetails
70	Can change product puchase details	18	change_productpuchasedetails
71	Can delete product puchase details	18	delete_productpuchasedetails
72	Can view product puchase details	18	view_productpuchasedetails
73	Can add product model master	19	add_productmodelmaster
74	Can change product model master	19	change_productmodelmaster
75	Can delete product model master	19	delete_productmodelmaster
76	Can view product model master	19	view_productmodelmaster
77	Can add health status details	20	add_healthstatusdetails
78	Can change health status details	20	change_healthstatusdetails
79	Can delete health status details	20	delete_healthstatusdetails
80	Can view health status details	20	view_healthstatusdetails
81	Can add employee_ journey	21	add_employee_journey
82	Can change employee_ journey	21	change_employee_journey
83	Can delete employee_ journey	21	delete_employee_journey
84	Can view employee_ journey	21	view_employee_journey
\.


--
-- Data for Name: auth_user; Type: TABLE DATA; Schema: public; Owner: postgres
--

COPY public.auth_user (id, password, last_login, is_superuser, username, first_name, last_name, email, is_staff, is_active, date_joined) FROM stdin;
1	pbkdf2_sha256$390000$ncLlZrD6yg0ywlpRKVssp3$ieipm+s5Nn+D2L7SUNrJQ9kqEH1MWjo7fw0LgVtVJww=	2024-01-27 11:34:36.891167+05:30	t	admin			admin@gmail.com	t	t	2023-04-05 16:24:22.743137+05:30
\.


--
-- Data for Name: auth_user_groups; Type: TABLE DATA; Schema: public; Owner: postgres
--

COPY public.auth_user_groups (id, user_id, group_id) FROM stdin;
\.


--
-- Data for Name: auth_user_user_permissions; Type: TABLE DATA; Schema: public; Owner: postgres
--

COPY public.auth_user_user_permissions (id, user_id, permission_id) FROM stdin;
\.


--
-- Data for Name: django_admin_log; Type: TABLE DATA; Schema: public; Owner: postgres
--

COPY public.django_admin_log (id, action_time, object_id, object_repr, action_flag, change_message, content_type_id, user_id) FROM stdin;
\.


--
-- Data for Name: django_content_type; Type: TABLE DATA; Schema: public; Owner: postgres
--

COPY public.django_content_type (id, app_label, model) FROM stdin;
1	admin	logentry
2	auth	permission
3	auth	group
4	auth	user
5	contenttypes	contenttype
6	sessions	session
7	inventory	buildingmaster
8	inventory	courtestablishmentmaster
9	inventory	productcategorymaster
10	inventory	productcompanymaster
11	inventory	productdetails
12	inventory	purchasedetails
13	inventory	staffdesignationmaster
14	inventory	userdetails
15	inventory	sectiondetails
16	inventory	sectiondesignationmapper
17	inventory	producttransactiondetails
18	inventory	productpuchasedetails
19	inventory	productmodelmaster
20	inventory	healthstatusdetails
21	inventory	employee_journey
\.


--
-- Data for Name: django_migrations; Type: TABLE DATA; Schema: public; Owner: postgres
--

COPY public.django_migrations (id, app, name, applied) FROM stdin;
1	contenttypes	0001_initial	2024-01-08 15:15:28.098434+05:30
2	auth	0001_initial	2024-01-08 15:15:28.773072+05:30
3	admin	0001_initial	2024-01-08 15:15:28.939721+05:30
4	admin	0002_logentry_remove_auto_add	2024-01-08 15:15:28.956549+05:30
5	admin	0003_logentry_add_action_flag_choices	2024-01-08 15:15:28.968216+05:30
6	contenttypes	0002_remove_content_type_name	2024-01-08 15:15:28.994948+05:30
7	auth	0002_alter_permission_name_max_length	2024-01-08 15:15:29.016978+05:30
8	auth	0003_alter_user_email_max_length	2024-01-08 15:15:29.039944+05:30
9	auth	0004_alter_user_username_opts	2024-01-08 15:15:29.052172+05:30
10	auth	0005_alter_user_last_login_null	2024-01-08 15:15:29.071075+05:30
11	auth	0006_require_contenttypes_0002	2024-01-08 15:15:29.080082+05:30
12	auth	0007_alter_validators_add_error_messages	2024-01-08 15:15:29.094025+05:30
13	auth	0008_alter_user_username_max_length	2024-01-08 15:15:29.148155+05:30
14	auth	0009_alter_user_last_name_max_length	2024-01-08 15:15:29.174834+05:30
15	auth	0010_alter_group_name_max_length	2024-01-08 15:15:29.186936+05:30
16	auth	0011_update_proxy_permissions	2024-01-08 15:15:29.203967+05:30
17	auth	0012_alter_user_first_name_max_length	2024-01-08 15:15:29.218652+05:30
18	inventory	0001_initial	2024-01-08 15:15:30.777526+05:30
19	sessions	0001_initial	2024-01-08 15:15:30.909183+05:30
20	inventory	0002_sectiondesignationmapper_ip_address	2024-01-09 12:38:11.423637+05:30
21	inventory	0003_alter_productpuchasedetails_box_detail_and_more	2024-01-19 13:56:11.872305+05:30
22	inventory	0004_productpuchasedetails_no_of_item_and_more	2024-01-25 11:29:33.456273+05:30
\.


--
-- Data for Name: django_session; Type: TABLE DATA; Schema: public; Owner: postgres
--

COPY public.django_session (session_key, session_data, expire_date) FROM stdin;
xyjgigx4lcev30pll94qrv120s1j1yt2	.eJxVjEkOAiEUBe_C2hBohg8u3XuGDsNHcICkh5Xx7kLSC91WvVdvMrt9y_O-4jKXSM6Ek9Mv8y48sA4R767eGg2tbkvxdEzoYVd6bRGfl2P7F8huzf1tlQhopwiCJTCQkkZphZRgOlDBw6SVVc4Dcu5RGmY1SzoZ47UMKkGPjlwvufgqlXy-KVY7-g:1rN6lm:TAO0B0bZtGmfaFLaabaWVYOZwL9ujsUy1BsJsFlN3LQ	2024-01-23 13:13:30.535925+05:30
40adrbqlol96uhk3pn8z34dop6q8hxmv	.eJxVjEkOAiEUBe_C2hBohg8u3XuGDsNHcICkh5Xx7kLSC91WvVdvMrt9y_O-4jKXSM6Ek9Mv8y48sA4R767eGg2tbkvxdEzoYVd6bRGfl2P7F8huzf1tlQhopwiCJTCQkkZphZRgOlDBw6SVVc4Dcu5RGmY1SzoZ47UMKkGPjlwvufgqlXy-KVY7-g:1rTbnw:PDK0maYAPuQGOLQHWpUpurXYgI7iEUqag-ZRtzvtl1M	2024-02-10 11:34:36.939145+05:30
\.


--
-- Data for Name: inventory_buildingmaster; Type: TABLE DATA; Schema: public; Owner: postgres
--

COPY public.inventory_buildingmaster (building_id, building_name, est_id) FROM stdin;
1	Old Building	1
5	Building-I	3
3	Building-I	4
6	Building-I	5
2	New Building-I	1
12	New Building-II	1
4	Building-I 	2
\.


--
-- Data for Name: inventory_courtestablishmentmaster; Type: TABLE DATA; Schema: public; Owner: postgres
--

COPY public.inventory_courtestablishmentmaster (est_id, est_name) FROM stdin;
1	District Court Durg
2	Bhilai-3 Court
3	Patan Court
4	Family Court Durg
5	JJB  Durg
\.


--
-- Data for Name: inventory_employee_journey; Type: TABLE DATA; Schema: public; Owner: postgres
--

COPY public.inventory_employee_journey (emp_jou_id, doj, dot, current_status, sdm_id, usr_id) FROM stdin;
\.


--
-- Data for Name: inventory_healthstatusdetails; Type: TABLE DATA; Schema: public; Owner: postgres
--

COPY public.inventory_healthstatusdetails (health_id, product_healthy, health_remarks, product_status, status_date, product_id) FROM stdin;
2	Yes	New 	Working	2023-03-27	2
113	Yes	New Product	Working	2023-10-16	1291
114	Yes	New Product	Working	2023-10-16	1292
5	Yes	New Product	Working	2023-04-01	6
6	Yes	New Product	Working	2023-04-01	6
3	No	New Product	Working	2023-03-28	6
10	Yes	New Product	Working	2023-05-03	6
11	Yes	New Product	Working	2023-05-03	8
12	Yes	New Product	Working	2023-05-03	9
13	Yes	New Product	Working	2023-05-03	10
14	Yes	New Product	Working	2023-05-03	11
15	Yes	New Product	Working	2023-05-03	12
16	Yes	New Product	Working	2023-05-03	13
17	Yes	New Product	Working	2023-05-03	14
18	Yes	New Product	Working	2023-05-03	15
19	Yes	New Product	Working	2023-05-03	16
20	Yes	New Product	Working	2023-05-03	17
21	Yes	New Product	Working	2023-05-03	18
23	Yes	New Product	Working	2023-05-03	20
24	Yes	New Product	Working	2023-05-03	21
25	Yes	New Product	Working	2023-05-03	22
26	Yes	New Product	Working	2023-05-03	23
27	Yes	New Product	Working	2023-05-03	24
29	Yes	New Product	Working	2023-05-03	26
30	Yes	New Product	Working	2023-05-03	27
31	Yes	New Product	Working	2023-05-03	28
32	Yes	New Product	Working	2023-05-03	29
33	Yes	New Product	Working	2023-05-11	30
34	Yes	New Product	Working	2023-05-11	31
35	Yes	New Product	Working	2023-05-11	32
36	Yes	New Product	Working	2023-05-11	33
37	Yes	New Product	Working	2023-05-11	34
38	Yes	New Product	Working	2023-05-11	35
39	Yes	New Product	Working	2023-05-11	36
40	Yes	New Product	Working	2023-05-11	37
41	Yes	New Product	Working	2023-05-11	38
42	Yes	New Product	Working	2023-05-11	39
43	Yes	New Product	Working	2023-05-12	40
44	Yes	New Product	Working	2023-05-12	41
45	Yes	New Product	Working	2023-05-12	42
46	Yes	New Product	Working	2023-05-12	43
47	Yes	New Product	Working	2023-05-12	44
48	Yes	New Product	Working	2023-05-12	45
49	Yes	New Product	Working	2023-05-12	46
50	Yes	New Product	Working	2023-05-12	47
51	Yes	New Product	Working	2023-05-12	48
52	Yes	New Product	Working	2023-05-12	49
53	Yes	New Product	Working	2023-05-12	50
54	Yes	New Product	Working	2023-05-12	51
55	Yes	New Product	Working	2023-05-12	52
56	Yes	New Product	Working	2023-05-12	53
57	Yes	New Product	Working	2023-05-12	54
58	Yes	New Product	Working	2023-05-12	55
59	Yes	New Product	Working	2023-05-12	56
60	Yes	New Product	Working	2023-05-12	57
61	Yes	New Product	Working	2023-05-12	58
62	Yes	New Product	Working	2023-05-12	59
63	Yes	New Product	Working	2023-05-12	60
64	Yes	New Product	Working	2023-05-12	61
65	Yes	New Product	Working	2023-05-12	62
66	Yes	New Product	Working	2023-05-12	63
67	Yes	New Product	Working	2023-05-12	64
68	Yes	New Product	Working	2023-05-12	65
69	Yes	New Product	Working	2023-05-12	66
71	Yes	New Product	Working	2023-05-12	68
22	No	video output fluctuating	Working	2023-05-03	19
72	Yes	New Product	Working	2023-06-02	68
73	Yes	New Product	Working	2023-06-02	68
74	Yes	New Product	Working	2023-06-02	69
75	Yes	New Product	Working	2023-10-07	1253
76	Yes	New Product	Working	2023-10-09	1254
77	Yes	New Product	Working	2023-10-09	1255
78	Yes	New Product	Working	2023-10-09	1256
79	Yes	New Product	Working	2023-10-09	1257
80	Yes	New Product	Working	2023-10-09	1258
81	Yes	New Product	Working	2023-10-09	1259
82	Yes	New Product	Working	2023-10-09	1260
83	Yes	New Product	Working	2023-10-09	1261
84	Yes	New Product	Working	2023-10-09	1262
85	Yes	New Product	Working	2023-10-09	1263
86	Yes	New Product	Working	2023-10-09	1264
87	Yes	New Product	Working	2023-10-09	1265
88	Yes	New Product	Working	2023-10-09	1266
89	Yes	New Product	Working	2023-10-09	1267
90	Yes	New Product	Working	2023-10-09	1268
91	Yes	New Product	Working	2023-10-09	1269
92	Yes	New Product	Working	2023-10-12	1270
93	Yes	New Product	Working	2023-10-12	1271
94	Yes	New Product	Working	2023-10-12	1272
95	Yes	New Product	Working	2023-10-12	1273
96	Yes	New Product	Working	2023-10-12	1274
97	Yes	New Product	Working	2023-10-12	1275
98	Yes	New Product	Working	2023-10-12	1276
99	Yes	New Product	Working	2023-10-12	1277
100	Yes	New Product	Working	2023-10-12	1278
101	Yes	New Product	Working	2023-10-12	1279
102	Yes	New Product	Working	2023-10-12	1280
103	Yes	New Product	Working	2023-10-12	1281
104	Yes	New Product	Working	2023-10-12	1282
105	Yes	New Product	Working	2023-10-12	1283
106	Yes	New Product	Working	2023-10-12	1284
107	Yes	New Product	Working	2023-10-12	1285
108	Yes	New Product	Working	2023-10-12	1286
109	Yes	New Product	Working	2023-10-13	1287
110	Yes	New Product	Working	2023-10-13	1288
111	Yes	New Product	Working	2023-10-13	1289
112	Yes	New Product	Working	2023-10-13	1290
116	Yes	New Product	Working	2023-10-16	1294
117	Yes	New Product	Working	2023-10-16	1295
118	Yes	New Product	Working	2023-10-16	1296
119	Yes	New Product	Working	2023-10-16	1297
120	Yes	New Product	Working	2023-10-16	1298
121	Yes	New Product	Working	2023-10-16	1299
122	Yes	New Product	Working	2023-10-16	1300
123	Yes	New Product	Working	2023-10-16	1301
124	Yes	New Product	Working	2023-10-16	1302
125	Yes	New Product	Working	2023-10-16	1303
28	Yes		Working	2023-05-03	25
126	Yes	New Product	Working	2023-10-16	1304
127	Yes	New Product	Working	2023-10-16	1305
128	Yes	New Product	Working	2023-10-16	1306
130	Yes	New Product	Working	2023-10-16	1308
133	Yes	New Product	Working	2023-10-16	1311
134	Yes	New Product	Working	2023-10-16	1312
135	Yes	New Product	Working	2023-10-16	1313
136	Yes	New Product	Working	2023-10-17	1314
137	Yes	New Product	Working	2023-10-17	1315
138	Yes	New Product	Working	2023-10-17	1316
139	Yes	New Product	Working	2023-10-17	1317
140	Yes	New Product	Working	2023-10-17	1318
141	Yes	New Product	Working	2023-10-17	1319
142	Yes	New Product	Working	2023-10-17	1320
143	Yes	New Product	Working	2023-10-17	1321
144	Yes	New Product	Working	2023-10-17	1322
145	Yes	New Product	Working	2023-10-17	1323
146	Yes	New Product	Working	2023-10-17	1324
147	Yes	New Product	Working	2023-10-17	1325
148	Yes	New Product	Working	2023-10-17	1326
149	Yes	New Product	Working	2023-10-17	1327
150	Yes	New Product	Working	2023-10-17	1328
151	Yes	New Product	Working	2023-10-17	1329
152	Yes	New Product	Working	2023-10-17	1330
153	Yes	New Product	Working	2023-10-17	1331
154	Yes	New Product	Working	2023-10-17	1332
155	Yes	New Product	Working	2023-10-17	1333
156	Yes	New Product	Working	2023-10-17	1334
157	Yes	New Product	Working	2023-10-17	1335
158	Yes	New Product	Working	2023-10-17	1336
159	Yes	New Product	Working	2023-10-17	1337
160	Yes	New Product	Working	2023-10-17	1338
161	Yes	New Product	Working	2023-10-17	1339
162	Yes	New Product	Working	2023-10-17	1340
163	Yes	New Product	Working	2023-10-17	1341
164	Yes	New Product	Working	2023-10-17	1342
165	Yes	New Product	Working	2023-10-17	1343
166	Yes	New Product	Working	2023-10-17	1344
167	Yes	New Product	Working	2023-10-17	1345
168	Yes	New Product	Working	2023-10-17	1346
169	Yes	New Product	Working	2023-10-17	1347
170	Yes	New Product	Working	2023-10-17	1348
171	Yes	New Product	Working	2023-10-17	1349
172	Yes	New Product	Working	2023-10-17	1350
173	Yes	New Product	Working	2023-10-17	1351
174	Yes	New Product	Working	2023-10-17	1352
175	Yes	New Product	Working	2023-10-17	1353
176	Yes	New Product	Working	2023-10-17	1354
177	Yes	New Product	Working	2023-10-17	1355
178	Yes	New Product	Working	2023-10-17	1356
179	Yes	New Product	Working	2023-10-17	1357
180	Yes	New Product	Working	2023-10-17	1358
181	Yes	New Product	Working	2023-10-17	1359
183	Yes	New Product	Working	2023-10-17	1361
184	Yes	New Product	Working	2023-10-17	1362
185	Yes	New Product	Working	2023-10-17	1363
186	Yes	New Product	Working	2023-10-17	1364
187	Yes	New Product	Working	2023-10-17	1365
188	Yes	New Product	Working	2023-10-17	1366
189	Yes	New Product	Working	2023-10-17	1367
190	Yes	New Product	Working	2023-10-17	1368
191	Yes	New Product	Working	2023-10-17	1369
192	Yes	New Product	Working	2023-10-17	1370
193	Yes	New Product	Working	2023-10-17	1371
194	Yes	New Product	Working	2023-10-17	1372
195	Yes	New Product	Working	2023-10-17	1373
196	Yes	New Product	Working	2023-10-18	1374
197	Yes	New Product	Working	2023-10-18	1375
198	Yes	New Product	Working	2023-10-18	1376
199	Yes	New Product	Working	2023-10-18	1377
200	Yes	New Product	Working	2023-10-18	1378
201	Yes	New Product	Working	2023-10-18	1379
202	Yes	New Product	Working	2023-10-18	1380
203	Yes	New Product	Working	2023-10-18	1381
115	Yes	Working	Working	2023-10-16	1293
204	Yes	New Product	Working	2023-10-19	1382
205	Yes	New Product	Working	2023-10-20	1383
206	Yes		Working	2023-10-26	5
207	Yes	New Product	Working	2023-11-02	1384
182	Yes	New Product	Working	2023-10-17	1360
208	Yes	New Product	Working	2023-12-26	1385
209	Yes	New Product	Working	2023-12-26	1386
210	Yes	New Product	Working	2023-12-26	1387
211	Yes	New Product	Working	2023-12-26	1388
212	Yes	New Product	Working	2023-12-26	1389
213	Yes	New Product	Working	2023-12-26	1390
214	Yes	New Product	Working	2023-12-26	1391
\.


--
-- Data for Name: inventory_productcategorymaster; Type: TABLE DATA; Schema: public; Owner: postgres
--

COPY public.inventory_productcategorymaster (product_cat_id, product_type, product_cat_name) FROM stdin;
1	Non-Consumable	CPU
2	Non-Consumable	MONITOR
3	Non-Consumable	UPS
6	Consumable	SPLITTER
8	Non-Consumable	PRINTER
9	Non-Consumable	SCANNER
10	Non-Consumable	ALL IN ONE DESKTOP
12	Non-Consumable	PHOTOCOPY MACHINE
13	Non-Consumable	KIOSK MACHINE
14	Non-Consumable	SERVER
15	Non-Consumable	THIN CLIENT
16	Non-Consumable	PROJECTOR
17	Consumable	SPEAKER
18	Non-Consumable	DG SET
19	Non-Consumable	BIOMETRIC
20	Non-Consumable	TV
21	Non-Consumable	SWITCH
4	Consumable	KEYBOARD
22	Consumable	LAN Cable
7	Non-Consumable	8-PORT SWITCH
23	Consumable	USB HUB
24	Consumable	Dongle
25	Consumable	Wireless Keyboard Mouse
11	Non-Consumable	WEB CAMERA
5	Consumable	MOUSE
26	DUMMY	DUMMY
\.


--
-- Data for Name: inventory_productcompanymaster; Type: TABLE DATA; Schema: public; Owner: postgres
--

COPY public.inventory_productcompanymaster (product_com_id, product_com_name, product_cat_id) FROM stdin;
1	HP	1
2	ACER	1
3	HCL	1
4	WIPRO	1
5	DELL	1
6	ACER	2
7	WIPRO	2
8	AOC	2
9	HP	2
10	DELL	2
11	LENOVO	2
12	HCL	2
13	LG	2
14	RS Power	3
15	NUMERIC	3
16	Uniline	3
17	Intex	3
18	Keptron	3
19	Battery 	3
21	LENOVO	4
22	DELL	4
23	FRONTECH	4
24	LOGITECH	4
25	HP	5
26	LENOVO	5
27	DELL	5
28	FRONTECH	5
29	LOGITECH	5
30	SPLITTER	6
31	DLINK	7
32	DIGISOL	7
33	HP	8
34	LEXMARK	8
35	EPSON	8
36	SAMSANG	8
37	EPSON	9
38	HP	9
39	CANON	9
40	AVISION	9
41	HP	10
42	DELL	10
43	LENOVO	10
44	LOGITECH	11
45	TOSHIBA	12
46	HBL	13
47	DELL	14
48	HCL	14
49	WIPRO	14
50	HP	15
51	ACER	15
52	HITACHI	16
53	need to check	16
54	LOGITECH	17
55	JABRA	17
56	KIRLOSKAR	18
57	MAHINDRA	18
58	HIK VISION	19
59	SAMSANG	20
60	GLOBUS	20
61	CISCO	21
62	DLINK	21
20	HP	4
63	iBall	5
64	Video Spliter	6
65	1 Meter LAN Cable	22
66	2 Meter LAN Cable	22
67	OTHER UPS	3
68	ACER	5
69	ACER	4
70	iBall	4
71	DLink changeto Other	7
72	Lapcare	23
73	Lenovo	4
74	DLink	24
75	ProDot	25
76	LLOYD	20
77	DUMMY	26
\.


--
-- Data for Name: inventory_productdetails; Type: TABLE DATA; Schema: public; Owner: postgres
--

COPY public.inventory_productdetails (product_id, product_serialno, entry_date, initial_quantity, current_quantity, cartridge_toner, remarks, product_new_or_open, product_mod_id, propur_id) FROM stdin;
27		2023-05-03	100	95			NEW	79	1
36	NA	2023-05-11	1	0			OPENED	60	1
26		2023-05-03	5	100			NEW	78	1
13	TJPG0990051J3324A	2023-05-03	1	0		vga cable,power cable dhaniram	NEW	77	1
21	S45147PLM3Z7F7	2023-05-03	1	0		power cable usb printer cable dhaniram	NEW	33	1
23	8050449	2023-05-03	1	0		dhaniram	NEW	60	1
53	1N120601TY	2023-05-12	1	1		keyboard mouse power cable	OPENED	13	1
54	1N120601YH	2023-05-12	1	1		keyboard mouse power cable	OPENED	13	1
55	1N1206035D	2023-05-12	1	1		keyboard mouse power cable	OPENED	13	1
56	VNC4L84518	2023-05-12	1	1	88A	power cable usb printer cable	OPENED	27	1
57	VNC4L85315	2023-05-12	1	1	88A	power cable usb printer cable	OPENED	27	1
38		2023-05-11	2	72			OPENED	72	1
71	UR14701002841083879F00	2023-09-13	1	1	 	vga cable,power cable 	OPENED	15	1
8	TJPG0990051J3241A	2023-05-03	1	0		vga cable,power cable kamlesh	NEW	77	1
9	TJPG0990051J0920A	2023-05-03	1	0		vga cable,power cable kamlesh	NEW	77	1
10	TJPG0990051J0189A	2023-05-03	1	0		vga cable,power cable kamlesh	NEW	77	1
22	S45147PLM3Z7CN	2023-05-03	1	0		power cable usb printer cable kamlesh	NEW	33	1
29	NA	2023-05-03	1	0			NEW	60	1
72	UR14701002832060879F00	2023-09-13	1	1	 	vga cable,power cable 	OPENED	15	1
73	UR147010028410781C9F00	2023-09-13	1	1	 	vga cable,power cable 	OPENED	15	1
74	UR147010028320607B9F00	2023-09-13	1	1	 	vga cable,power cable 	OPENED	15	1
75	MMLXNSS0027210584E4212	2023-09-13	1	1	 	vga cable,power cable 	OPENED	15	1
28		2023-05-03	50	47			NEW	80	1
58	VNC4L85311	2023-05-12	1	1	88A	power cable usb printer cable	OPENED	27	1
30	INA946QC4L	2023-05-11	1	1		With Power Cable	OPENED	5	1
59	VNC3J10833	2023-05-12	1	1	88A	power cable usb printer cable	OPENED	27	1
25		2023-05-03	20	97		PART OF COMBO	OPENED	76	1
60	VNC4L88930	2023-05-12	1	1	88A	power cable usb printer cable	OPENED	27	1
61	12211117469	2023-05-12	1	1			OPENED	61	1
76	UR147010028320610D9F00	2023-09-13	1	1	 	vga cable,power cable 	OPENED	15	1
31	2UA624306M	2023-05-11	1	1		With Power Cable	OPENED	81	1
62	12211117744	2023-05-12	1	1			OPENED	61	1
63	12211117491	2023-05-12	1	1			OPENED	61	1
64	12211117044	2023-05-12	1	1			OPENED	61	1
32	UXVQVSI104I4785566	2023-05-11	1	1		With Power Cable	OPENED	82	1
33	3CQ9491L5Z	2023-05-11	1	1		With Power Cable and VGA Cable	OPENED	21	1
34	MMLY0SS0118380365C8525	2023-05-11	1	1		With Power Cable and VGA cable	OPENED	14	1
35	18051294	2023-05-11	1	1			OPENED	60	1
37	VNC4L35056	2023-05-11	1	1	88A	With Power Cable and USB Printer Cable	OPENED	27	1
66	12211117483	2023-05-12	1	1			OPENED	61	1
18	UXVQVSI104I4785541	2023-05-03	1	0		vga cable,power cable suman	NEW	6	1
14	TJPG0990051J2585A	2023-05-03	1	0		vga cable,power cable suman	NEW	77	1
15	TJPG0990051J3271A	2023-05-03	1	0		vga cable,power cable suman	NEW	77	1
16	TJPG0990051J0062A	2023-05-03	1	0		vga cable,power cable suman	NEW	77	1
20	S45147PLM3Z6V0	2023-05-03	1	0		power cable usb printer cable - suman	NEW	33	1
24	Removed	2023-05-03	1	0		suman sahu 	NEW	60	1
6		2023-03-27	20	6		PART OF COMBO	OPENED	71	1
68		2023-05-12	30	30			OPENED	83	1
77	UR14701002841082D79F00	2023-09-13	1	1	 	vga cable,power cable 	OPENED	15	1
2		2023-03-20	20	99			OPENED	67	1
17	UXVQVSI104I4785572	2023-05-03	1	0		vga cable,power cable dhaniram	NEW	6	1
11	TJPG0990051J0451A	2023-05-03	1	0		vga cable,power cable dhaniram	NEW	77	1
12	TJPG0990051J3279A	2023-05-03	1	0		vga cable,power cable dhaniram	NEW	77	1
40	TJPG0990051J3219A	2023-05-12	1	1		With Power Cable and VGA Cable	OPENED	77	1
41	TJPG0990051J0454A	2023-05-12	1	1		With Power Cable and VGA Cable	OPENED	77	1
42	TJPG0990051J3222A	2023-05-12	1	1		With Power Cable and VGA Cable	OPENED	77	1
43	TJPG0990051J3260A	2023-05-12	1	1		With Power Cable and VGA Cable	OPENED	77	1
44	TJPG0990051J2597A	2023-05-12	1	1		With Power Cable and VGA Cable	OPENED	77	1
45	TJPG0990051J0089A	2023-05-12	1	1		With Power Cable and VGA Cable	OPENED	77	1
46	TJPG0990051J3221A	2023-05-12	1	1		With Power Cable and VGA Cable	OPENED	77	1
47	TJPG0990051J0284A	2023-05-12	1	1		With Power Cable and VGA Cable	OPENED	77	1
48	TJPG0990051J3223A	2023-05-12	1	1		With Power Cable and VGA Cable	OPENED	77	1
49	TJPG0990051J0130A	2023-05-12	1	1		With Power Cable and VGA Cable	OPENED	77	1
50	1N120601TN	2023-05-12	1	1		keyboard mouse power cable	OPENED	13	1
51	1N120601ZN	2023-05-12	1	1		keyboard mouse power cable	OPENED	13	1
52	1N120601ZH	2023-05-12	1	1		keyboard mouse power cable	OPENED	13	1
69	INA609YVX7	2023-06-02	1	0		With Power Cable	OPENED	1	1
78	UR14701002841082D39F00	2023-09-13	1	1	 	vga cable,power cable 	OPENED	15	1
5		2023-03-27	100	91			OPENED	75	1
79	UR14701002832060ED9F00	2023-09-13	1	1	 	vga cable,power cable 	OPENED	15	1
80	UR1470100284107AB09F00	2023-09-13	1	1	 	vga cable,power cable 	OPENED	15	1
65	12211117041	2023-05-12	1	0			OPENED	61	1
39		2023-05-11	2	97			OPENED	70	1
81	UR14701002841082D19F00	2023-09-13	1	1	 	vga cable,power cable 	OPENED	15	1
82	UR14701002841073CA9F00	2023-09-13	1	1	 	vga cable,power cable 	OPENED	15	1
83	UR14701002841082E99F00	2023-09-13	1	1	 	vga cable,power cable 	OPENED	15	1
84	MMLXNSS002721059454212	2023-09-13	1	1	 	vga cable,power cable 	OPENED	15	1
85	UR14701002832060E59F00	2023-09-13	1	1	 	vga cable,power cable 	OPENED	15	1
87	UR14701002841078249F00	2023-09-13	1	1	 	vga cable,power cable 	OPENED	15	1
88	UR14701002841083839F00	2023-09-13	1	1	 	vga cable,power cable 	OPENED	15	1
89	UR147010028410837A9F00	2023-09-13	1	1	 	vga cable,power cable 	OPENED	15	1
90	UR14701002832061019F00	2023-09-13	1	1	 	vga cable,power cable 	OPENED	15	1
91	MMLXNSS002721059094212	2023-09-13	1	1	 	vga cable,power cable 	OPENED	14	1
92	MMLXNSS002721058454212	2023-09-13	1	1	 	vga cable,power cable 	OPENED	14	1
93	MMLXNSS00272105BED4212	2023-09-13	1	1	 	vga cable,power cable 	OPENED	14	1
94	MMLXNSS002721070ED4212	2023-09-13	1	1	 	vga cable,power cable 	OPENED	14	1
96	MMLXNSS002721059084212	2023-09-13	1	1	 	vga cable,power cable 	OPENED	14	1
97	MMLXNSS00272105A414212	2023-09-13	1	1	 	vga cable,power cable 	OPENED	14	1
98	UR14701002841082FB9F00	2023-09-13	1	1	 	vga cable,power cable 	OPENED	14	1
99	UR147010028410831C9F00	2023-09-13	1	1	 	vga cable,power cable 	OPENED	14	1
100	MMLXNSS0027170ABDC4212	2023-09-13	1	1	 	vga cable,power cable 	OPENED	14	1
101	MMLXNSS00272105A314212	2023-09-13	1	1	 	vga cable,power cable 	OPENED	14	1
102	MMLXNSS002721058EF4212	2023-09-13	1	1	 	vga cable,power cable 	OPENED	14	1
105	MMLXNSS0027170ABD64212	2023-09-13	1	1	 	vga cable,power cable 	OPENED	14	1
106	MMLY0SS01183803AC68525	2023-09-13	1	1	 	vga cable,power cable 	OPENED	14	1
107	MMLXNSS002721059474212	2023-09-13	1	1	 	vga cable,power cable 	OPENED	14	1
108	MMLXNSS00272105A2C4212	2023-09-13	1	1	 	vga cable,power cable 	OPENED	14	1
109	MMLXNSS002721059384212	2023-09-13	1	1	 	vga cable,power cable 	OPENED	14	1
111	MMLXNSS00272105A034212	2023-09-13	1	1	 	vga cable,power cable 	OPENED	14	1
112	MMLXNSS002721070EF4212	2023-09-13	1	1	 	vga cable,power cable 	OPENED	14	1
113	MMLXNSS00272105A294212	2023-09-13	1	1	 	vga cable,power cable 	OPENED	14	1
114	MMLY0SS011838036668525	2023-09-13	1	1	 	vga cable,power cable 	OPENED	14	1
115	MMLXNSS002721059F54212	2023-09-13	1	1	 	vga cable,power cable 	OPENED	14	1
116	MMLXNSS0027170ABB84212	2023-09-13	1	1	 	vga cable,power cable 	OPENED	14	1
117	MMLXNSS0027210594E4212	2023-09-13	1	1	 	vga cable,power cable 	OPENED	14	1
118	MMLXNSS002721058234212	2023-09-13	1	1	 	vga cable,power cable 	OPENED	14	1
119	MMLXNSS002721058664212	2023-09-13	1	1	 	vga cable,power cable 	OPENED	14	1
120	MMLXNSS0027210585F4212	2023-09-13	1	1	 	vga cable,power cable 	OPENED	14	1
121	MMLY0SS011838036598525	2023-09-13	1	1	 	vga cable,power cable 	OPENED	14	1
122	MMLY0SS011838036588525	2023-09-13	1	1	 	vga cable,power cable 	OPENED	14	1
123	MMLY0SS011838036678525	2023-09-13	1	1	 	vga cable,power cable 	OPENED	14	1
124	MMLY0SS0118380365E8525	2023-09-13	1	1	 	vga cable,power cable 	OPENED	14	1
125	MMLXNSS002721058574212	2023-09-13	1	1	 	vga cable,power cable 	OPENED	14	1
126	MMLXNSS00272105A2A4212	2023-09-13	1	1	 	vga cable,power cable 	OPENED	14	1
127	MMLXNSS002721058414212	2023-09-13	1	1	 	vga cable,power cable 	OPENED	14	1
129	MMLXNSS0027170ABC24212	2023-09-13	1	1	 	vga cable,power cable 	OPENED	14	1
130	MMLXNSS00272105A524212	2023-09-13	1	1	 	vga cable,power cable 	OPENED	14	1
131	MMLXNSS0027170ABBE4212	2023-09-13	1	1	 	vga cable,power cable 	OPENED	14	1
132	Acer 206 hql MMLY6SS0100170ED47850E	2023-09-13	1	1	 	vga cable,power cable 	OPENED	16	1
133	AOCCM5D94101327	2023-09-13	1	1	 	vga cable,power cable 	OPENED	18	1
134	AOCCM5D94101605	2023-09-13	1	1	 	vga cable,power cable 	OPENED	18	1
135	AOCCM5D94101411	2023-09-13	1	1	 	vga cable,power cable 	OPENED	18	1
136	AOCCM5D94101373	2023-09-13	1	1	 	vga cable,power cable 	OPENED	18	1
137	AOCCM5D94101498	2023-09-13	1	1	 	vga cable,power cable 	OPENED	18	1
138	AOCCM5D94101322	2023-09-13	1	1	 	vga cable,power cable 	OPENED	18	1
139	AOCCM5D94101603	2023-09-13	1	1	 	vga cable,power cable 	OPENED	18	1
140	AOCCM5D94101407	2023-09-13	1	1	 	vga cable,power cable 	OPENED	18	1
141	CN-0MMK3972872-59T-C0KU-A00	2023-09-13	1	1	 	vga cable,power cable 	OPENED	23	1
142	CN0657PN6418045T0LRI	2023-09-13	1	1	 	vga cable,power cable 	OPENED	23	1
143	3CQ20214L1	2023-09-13	1	1	 	vga cable,power cable 	OPENED	84	1
144	3CQ20214L0	2023-09-13	1	1	 	vga cable,power cable 	OPENED	84	1
145	3CQ20216PG	2023-09-13	1	1	 	vga cable,power cable 	OPENED	84	1
146	3CQ2410SH1	2023-09-13	1	1	 	vga cable,power cable 	OPENED	84	1
147	3CQ20214M0	2023-09-13	1	1	 	vga cable,power cable 	OPENED	84	1
148	3CQ20214M6	2023-09-13	1	1	 	vga cable,power cable 	OPENED	84	1
149	3CQ20214KQ	2023-09-13	1	1	 	vga cable,power cable 	OPENED	84	1
150	3CQ20214LT	2023-09-13	1	1	 	vga cable,power cable 	OPENED	84	1
151	3CQ20214LN	2023-09-13	1	1	 	vga cable,power cable 	OPENED	84	1
152	6CM6041L39	2023-09-13	1	1	 	vga cable,power cable 	OPENED	19	1
153	3CQ4390V0N	2023-09-13	1	1	 	vga cable,power cable 	OPENED	84	1
110	MMLXNSS00272105A3F4212	2023-09-13	1	0	 	vga cable,power cable 	OPENED	14	1
128	MMLXNSS0027170ABB54212	2023-09-13	1	0	 	vga cable,power cable 	OPENED	14	1
86	UR147010028410838D9F00	2023-09-13	1	0	 	vga cable,power cable 	OPENED	15	1
103	MMLXNSS00272105A774212	2023-09-13	1	0	 	vga cable,power cable 	OPENED	14	1
104	MMLXNSS00272105A344212	2023-09-13	1	0	 	vga cable,power cable 	OPENED	14	1
154	6CM6041KLB	2023-09-13	1	1	 	vga cable,power cable 	OPENED	19	1
155	6CM6041LS1	2023-09-13	1	1	 	vga cable,power cable 	OPENED	19	1
156	6CM6041M2Z	2023-09-13	1	1	 	vga cable,power cable 	OPENED	19	1
157	6CM6041K8B	2023-09-13	1	1	 	vga cable,power cable 	OPENED	19	1
158	6CM6041KZ0	2023-09-13	1	1	 	vga cable,power cable 	OPENED	19	1
159	6CM6041MQD	2023-09-13	1	1	 	vga cable,power cable 	OPENED	19	1
163	6CM6041JZV	2023-09-13	1	1	 	vga cable,power cable 	OPENED	19	1
164	6CM6041KHQ	2023-09-13	1	1	 	vga cable,power cable 	OPENED	19	1
165	6CM6041M44	2023-09-13	1	1	 	vga cable,power cable 	OPENED	19	1
166	6CM6041LSY	2023-09-13	1	1	 	vga cable,power cable 	OPENED	19	1
168	6CM6041KGK	2023-09-13	1	1	 	vga cable,power cable 	OPENED	19	1
169	6CM6041KGL	2023-09-13	1	1	 	vga cable,power cable 	OPENED	19	1
170	6CM6041KG9	2023-09-13	1	1	 	vga cable,power cable 	OPENED	19	1
172	6CM6041KJM	2023-09-13	1	1	 	vga cable,power cable 	OPENED	19	1
173	6CM6041LLP	2023-09-13	1	1	 	vga cable,power cable 	OPENED	19	1
174	6CM6041KZ3	2023-09-13	1	1	 	vga cable,power cable 	OPENED	19	1
175	6CM6041L2S	2023-09-13	1	1	 	vga cable,power cable 	OPENED	19	1
176	6CM6041KHL	2023-09-13	1	1	 	vga cable,power cable 	OPENED	19	1
177	6CM6041KGH	2023-09-13	1	1	 	vga cable,power cable 	OPENED	19	1
178	6CM6041LLC	2023-09-13	1	1	 	vga cable,power cable 	OPENED	19	1
179	6CM6041KM4	2023-09-13	1	1	 	vga cable,power cable 	OPENED	19	1
180	6CM6041M2R	2023-09-13	1	1	 	vga cable,power cable 	OPENED	19	1
181	8CM6041M3Q	2023-09-13	1	1	 	vga cable,power cable 	OPENED	19	1
182	6CM6041L8D	2023-09-13	1	1	 	vga cable,power cable 	OPENED	19	1
183	6CM6041KYR	2023-09-13	1	1	 	vga cable,power cable 	OPENED	19	1
184	6CM6041M1X	2023-09-13	1	1	 	vga cable,power cable 	OPENED	19	1
187	6CM6041KGJ	2023-09-13	1	1	 	vga cable,power cable 	OPENED	19	1
188	6CM6041KZ9	2023-09-13	1	1	 	vga cable,power cable 	OPENED	19	1
190	6CM6041M3R	2023-09-13	1	1	 	vga cable,power cable 	OPENED	19	1
191	6CM6041LSV	2023-09-13	1	1	 	vga cable,power cable 	OPENED	19	1
192	6CM6041M45	2023-09-13	1	1	 	vga cable,power cable 	OPENED	19	1
194	6CM6041M29	2023-09-13	1	1	 	vga cable,power cable 	OPENED	19	1
195	6CM6041LSB	2023-09-13	1	1	 	vga cable,power cable 	OPENED	19	1
196	6CM6041KG8	2023-09-13	1	1	 	vga cable,power cable 	OPENED	19	1
197	6CM6041KGX	2023-09-13	1	1	 	vga cable,power cable 	OPENED	19	1
198	6CM6041KHS	2023-09-13	1	1	 	vga cable,power cable 	OPENED	19	1
199	6CM6041M33	2023-09-13	1	1	 	vga cable,power cable 	OPENED	19	1
200	6CM6041KYZ	2023-09-13	1	1	 	vga cable,power cable 	OPENED	19	1
201	6CM6041M2Y	2023-09-13	1	1	 	vga cable,power cable 	OPENED	19	1
202	6CM6041KMJ	2023-09-13	1	1	 	vga cable,power cable 	OPENED	19	1
203	6CM6041KYN	2023-09-13	1	1	 	vga cable,power cable 	OPENED	19	1
204	6CM6041M2L	2023-09-13	1	1	 	vga cable,power cable 	OPENED	19	1
205	6CM6041KKD	2023-09-13	1	1	 	vga cable,power cable 	OPENED	19	1
206	6CM6041L3Q	2023-09-13	1	1	 	vga cable,power cable 	OPENED	19	1
207	6CM6041LLN	2023-09-13	1	1	 	vga cable,power cable 	OPENED	19	1
208	6CM6041M4J	2023-09-13	1	1	 	vga cable,power cable 	OPENED	19	1
209	6CM6041KLD	2023-09-13	1	1	 	vga cable,power cable 	OPENED	19	1
210	6CM6041K88	2023-09-13	1	1	 	vga cable,power cable 	OPENED	19	1
211	6CM6041K8V	2023-09-13	1	1	 	vga cable,power cable 	OPENED	19	1
212	6CM6041KHD	2023-09-13	1	1	 	vga cable,power cable 	OPENED	19	1
213	6CM6041KFT	2023-09-13	1	1	 	vga cable,power cable 	OPENED	19	1
214	3CQ4433PBY	2023-09-13	1	1	 	vga cable,power cable 	OPENED	20	1
215	3CQ4410YS4	2023-09-13	1	1	 	vga cable,power cable 	OPENED	20	1
216	3CQ4433PD9	2023-09-13	1	1	 	vga cable,power cable 	OPENED	20	1
217	3CQ20216LM	2023-09-13	1	1	 	vga cable,power cable 	OPENED	20	1
218	3CQ4433PCL	2023-09-13	1	1	 	vga cable,power cable 	OPENED	20	1
219	3CQ4410YNP	2023-09-13	1	1	 	vga cable,power cable 	OPENED	20	1
220	3CQ4462P65	2023-09-13	1	1	 	vga cable,power cable 	OPENED	20	1
221	3CQ20214N6	2023-09-13	1	1	 	vga cable,power cable 	OPENED	20	1
223	3CQ4433QQZ	2023-09-13	1	1	 	vga cable,power cable 	OPENED	20	1
224	3CQ4433PFD	2023-09-13	1	1	 	vga cable,power cable 	OPENED	20	1
225	3CQ4410YPL	2023-09-13	1	1	 	vga cable,power cable 	OPENED	20	1
226	3CQ4410YPP	2023-09-13	1	1	 	vga cable,power cable 	OPENED	20	1
227	3CQ4433QRC	2023-09-13	1	1	 	vga cable,power cable 	OPENED	20	1
228	3CQ4410YPT	2023-09-13	1	1	 	vga cable,power cable 	OPENED	20	1
185	6CM6041KZ4	2023-09-13	1	0	 	vga cable,power cable 	OPENED	19	1
161	3CQ20214NB	2023-09-13	1	0	 	vga cable,power cable 	OPENED	84	1
160	6CM6041LLJ	2023-09-13	1	0	 	vga cable,power cable 	OPENED	19	1
162	6CM6041KH8	2023-09-13	1	0	 	vga cable,power cable 	OPENED	19	1
222	3CQ44512VC	2023-09-13	1	0	 	vga cable,power cable 	OPENED	20	1
193	6CM6041LS3	2023-09-13	1	0	 	vga cable,power cable 	OPENED	19	1
171	6CM6041KHP	2023-09-13	1	0	 	vga cable,power cable 	OPENED	19	1
189	6CM6041KFX	2023-09-13	1	0	 	vga cable,power cable 	OPENED	19	1
167	6CM6041KZ2	2023-09-13	1	0	 	vga cable,power cable 	OPENED	19	1
229	3CQ4410YP2	2023-09-13	1	1	 	vga cable,power cable 	OPENED	20	1
230	3CQ4433PBB	2023-09-13	1	1	 	vga cable,power cable 	OPENED	20	1
231	3CQ4410YQM	2023-09-13	1	1	 	vga cable,power cable 	OPENED	20	1
232	3CQ4433PBH	2023-09-13	1	1	 	vga cable,power cable 	OPENED	20	1
233	3CQ4410YPF	2023-09-13	1	1	 	vga cable,power cable 	OPENED	20	1
234	3CQ4433PC7	2023-09-13	1	1	 	vga cable,power cable 	OPENED	20	1
235	3CQ20214LK	2023-09-13	1	1	 	vga cable,power cable 	OPENED	20	1
236	3CQ20214M7	2023-09-13	1	1	 	vga cable,power cable 	OPENED	20	1
237	3CQ4410YP1	2023-09-13	1	1	 	vga cable,power cable 	OPENED	20	1
238	3CQ4462P5P	2023-09-13	1	1	 	vga cable,power cable 	OPENED	20	1
239	3CQ4433PBL	2023-09-13	1	1	 	vga cable,power cable 	OPENED	20	1
240	3CQ20214KB	2023-09-13	1	1	 	vga cable,power cable 	OPENED	20	1
241	3CQ4433P8X	2023-09-13	1	1	 	vga cable,power cable 	OPENED	20	1
243	3CQ4433PBF	2023-09-13	1	1	 	vga cable,power cable 	OPENED	20	1
244	3CQ20214M8 diffrent	2023-09-13	1	1	 	vga cable,power cable 	OPENED	21	1
245	New monitor 3CQ20214L8	2023-09-13	1	1	 	vga cable,power cable 	OPENED	21	1
246	60B8AAR6WWV900LZE9	2023-09-13	1	1	 	vga cable,power cable 	OPENED	24	1
247	TJPG0990051J0084A	2023-09-13	1	1	 	vga cable,power cable 	OPENED	77	1
248	TJPG0990051J2587A	2023-09-13	1	1	 	vga cable,power cable 	OPENED	77	1
249	TJPG0990051J0122A	2023-09-13	1	1	 	vga cable,power cable 	OPENED	77	1
250	TJPG0990051J0168A	2023-09-13	1	1	 	vga cable,power cable 	OPENED	77	1
251	TJPG0990051J2592A	2023-09-13	1	1	 	vga cable,power cable 	OPENED	77	1
252	TJPG0990051J2114A	2023-09-13	1	1	 	vga cable,power cable 	OPENED	77	1
253	TJPG0990051J0308A	2023-09-13	1	1	 	vga cable,power cable 	OPENED	77	1
254	TJPG0990051J3261A	2023-09-13	1	1	 	vga cable,power cable 	OPENED	77	1
255	TJPG0990051J2575A	2023-09-13	1	1	 	vga cable,power cable 	OPENED	77	1
256	TJPG0990051J2603A	2023-09-13	1	1	 	vga cable,power cable 	OPENED	77	1
257	TJPG0990051J2620A	2023-09-13	1	1	 	vga cable,power cable 	OPENED	77	1
258	TJPGO990051J0017A	2023-09-13	1	1	 	vga cable,power cable 	OPENED	77	1
259	TJPG0990051J3245A	2023-09-13	1	1	 	vga cable,power cable 	OPENED	77	1
260	TJPG0990051J0406A	2023-09-13	1	1	 	vga cable,power cable 	OPENED	77	1
261	TJPG0990051J0321A	2023-09-13	1	1	 	vga cable,power cable 	OPENED	77	1
262	TJPG0990051J0291A	2023-09-13	1	1	 	vga cable,power cable 	OPENED	77	1
263	TJPG0990051J2784A	2023-09-13	1	1	 	vga cable,power cable 	OPENED	77	1
621	UXVPNSI530I4801205	2023-09-13	1	1	 	power cable 	OPENED	8	1
624	INA609YWB2	2023-09-13	1	1	 	power cable 	OPENED	8	1
625	UXVQS|104|4785229	2023-09-13	1	1	 	power cable 	OPENED	8	1
626	UXVQVSI10414785700	2023-09-13	1	1	 	power cable 	OPENED	6	1
627	UXVQVSI104I4785661	2023-09-13	1	1	 	power cable 	OPENED	6	1
628	UXVQVSI104I4785595	2023-09-13	1	1	 	power cable 	OPENED	6	1
629	UXVQVSI104I4785574	2023-09-13	1	1	 	power cable 	OPENED	6	1
630	UXVQVSI104I4785725	2023-09-13	1	1	 	power cable 	OPENED	6	1
631	UXVQVSI104I4785424	2023-09-13	1	1	 	power cable 	OPENED	6	1
632	UXVPNSI530I4801207	2023-09-13	1	1	 	power cable 	OPENED	6	1
633	UXVQVSI104I4785659	2023-09-13	1	1	 	power cable 	OPENED	6	1
634	UXVQVSI104I4785728	2023-09-13	1	1	 	power cable 	OPENED	6	1
635	UXVQVSI104I4785599	2023-09-13	1	1	 	power cable 	OPENED	6	1
636	UXVQVSI104I4785325	2023-09-13	1	1	 	power cable 	OPENED	6	1
637	UXVPNSI530I4801212	2023-09-13	1	1	 	power cable 	OPENED	6	1
638	UXVQVSI104I4785698	2023-09-13	1	1	 	power cable 	OPENED	6	1
639	UXVQVSI104I4785600	2023-09-13	1	1	 	power cable 	OPENED	6	1
640	UXVQVSI104I4785662	2023-09-13	1	1	 	power cable 	OPENED	6	1
641	UXVQS|104|4785596	2023-09-13	1	1	 	power cable 	OPENED	6	1
642	UXVQVSI104I4785669	2023-09-13	1	1	 	power cable 	OPENED	6	1
643	UXVQVSI104I4785569	2023-09-13	1	1	 	power cable 	OPENED	6	1
644	UXVQVSI104I4785594	2023-09-13	1	1	 	power cable 	OPENED	6	1
645	UXVQVSI104I4785732	2023-09-13	1	1	 	power cable 	OPENED	7	1
646	UXVPNSI530I4801265	2023-09-13	1	1	 	power cable 	OPENED	7	1
647	Inspiron 7015077038	2023-09-13	1	1	 	power cable 	OPENED	11	1
648	With out sn special	2023-09-13	1	1	 	power cable 	OPENED	9	1
649	With out sn 	2023-09-13	1	1	 	power cable 	OPENED	9	1
650	INA946QC44	2023-09-13	1	1	 	power cable 	OPENED	5	1
651	INA609YW2R	2023-09-13	1	1	 	power cable 	OPENED	1	1
652	INA609YVYX	2023-09-13	1	1	 	power cable 	OPENED	1	1
653	INA609YW10	2023-09-13	1	1	 	power cable 	OPENED	1	1
655	INA609YVNM	2023-09-13	1	1	 	power cable 	OPENED	1	1
656	INA609YWB4	2023-09-13	1	1	 	power cable 	OPENED	1	1
657	INA609YW32	2023-09-13	1	1	 	power cable 	OPENED	1	1
658	INA609YVTB	2023-09-13	1	1	 	power cable 	OPENED	1	1
659	INA609YVTF	2023-09-13	1	1	 	power cable 	OPENED	1	1
660	INA609YVLF	2023-09-13	1	1	 	power cable 	OPENED	1	1
661	INA609YVZF	2023-09-13	1	1	 	power cable 	OPENED	1	1
242	3CQ4462P6K	2023-09-13	1	0	 	vga cable,power cable 	OPENED	20	1
662	INA609YVRJ	2023-09-13	1	0	 	power cable 	OPENED	1	1
663	INA609YVSY	2023-09-13	1	0	 	power cable 	OPENED	1	1
622	UXVPNSI530I4801229	2023-09-13	1	0	 	power cable 	OPENED	8	1
623	UXVQVSI104I4785547	2023-09-13	1	0	 	power cable 	OPENED	8	1
664	INA609YW7V	2023-09-13	1	1	 	power cable 	OPENED	1	1
665	INA609YW3Q	2023-09-13	1	1	 	power cable 	OPENED	1	1
666	INA609YVQG	2023-09-13	1	1	 	power cable 	OPENED	1	1
667	INA609YW42	2023-09-13	1	1	 	power cable 	OPENED	1	1
668	INA609YVP5	2023-09-13	1	1	 	power cable 	OPENED	1	1
669	INA609YVR5	2023-09-13	1	1	 	power cable 	OPENED	1	1
670	INA609YW5S	2023-09-13	1	1	 	power cable 	OPENED	1	1
671	INA609YW9Y	2023-09-13	1	1	 	power cable 	OPENED	1	1
672	INA609YVPH	2023-09-13	1	1	 	power cable 	OPENED	1	1
673	INA609YWD4	2023-09-13	1	1	 	power cable 	OPENED	1	1
674	INA609YW4K	2023-09-13	1	1	 	power cable 	OPENED	1	1
675	INA609YVK4	2023-09-13	1	1	 	power cable 	OPENED	1	1
676	INA609YVX4	2023-09-13	1	1	 	power cable 	OPENED	1	1
677	INA609YW8M	2023-09-13	1	1	 	power cable 	OPENED	1	1
679	INA609YW3D	2023-09-13	1	1	 	power cable 	OPENED	1	1
680	INA609YVJX	2023-09-13	1	1	 	power cable 	OPENED	1	1
681	INA609YW8W	2023-09-13	1	1	 	power cable 	OPENED	1	1
682	INA609YW4P	2023-09-13	1	1	 	power cable 	OPENED	1	1
683	INA609YWB3	2023-09-13	1	1	 	power cable 	OPENED	1	1
684	INA609YVZ7	2023-09-13	1	1	 	power cable 	OPENED	1	1
685	INA609YVL6	2023-09-13	1	1	 	power cable 	OPENED	1	1
686	INA609YVTM	2023-09-13	1	1	 	power cable 	OPENED	1	1
687	INA609YW7P	2023-09-13	1	1	 	power cable 	OPENED	1	1
688	INA609YVXZ	2023-09-13	1	1	 	power cable 	OPENED	1	1
689	INA609YVR6	2023-09-13	1	1	 	power cable 	OPENED	1	1
690	INA609YVX0	2023-09-13	1	1	 	power cable 	OPENED	1	1
691	INA609YW5X	2023-09-13	1	1	 	power cable 	OPENED	1	1
692	INA609YWCJ	2023-09-13	1	1	 	power cable 	OPENED	1	1
693	INA609YVR1	2023-09-13	1	1	 	power cable 	OPENED	1	1
694	INA609YVM1 	2023-09-13	1	1	 	power cable EXTRA 	OPENED	1	1
695	INA609YVZ1	2023-09-13	1	1	 	power cable 	OPENED	1	1
696	INA609YVVY	2023-09-13	1	1	 	power cable 	OPENED	1	1
697	INA609YW0Z	2023-09-13	1	1	 	power cable 	OPENED	1	1
698	INA609YVJZ	2023-09-13	1	1	 	power cable 	OPENED	1	1
699	INA609YW0X	2023-09-13	1	1	 	power cable 	OPENED	1	1
700	INA506Q4ZD	2023-09-13	1	1	 	power cable 	OPENED	3	1
701	INA507Q4W0	2023-09-13	1	1	 	power cable 	OPENED	3	1
702	INA507Q53R	2023-09-13	1	1	 	power cable 	OPENED	3	1
703	INA507Q4YS	2023-09-13	1	1	 	power cable 	OPENED	3	1
704	INA507Q4WL	2023-09-13	1	1	 	power cable 	OPENED	3	1
706	INA507Q4WZ	2023-09-13	1	1	 	power cable 	OPENED	3	1
707	INA507Q4XN	2023-09-13	1	1	 	power cable 	OPENED	3	1
708	INA507Q55K	2023-09-13	1	1	 	power cable 	OPENED	3	1
709	INA507Q4VZ	2023-09-13	1	1	 	power cable 	OPENED	3	1
710	INA507Q53B	2023-09-13	1	1	 	power cable 	OPENED	3	1
711	INA507Q4XP	2023-09-13	1	1	 	power cable 	OPENED	3	1
712	INA507Q4ZH	2023-09-13	1	1	 	power cable 	OPENED	3	1
713	1N120601YQ 	2023-09-13	1	1	 	power cable 	OPENED	13	1
714	1N12060360	2023-09-13	1	1	 	power cable 	OPENED	13	1
715	1N12060207	2023-09-13	1	1	 	power cable 	OPENED	13	1
716	1N120601VF	2023-09-13	1	1	 	power cable 	OPENED	13	1
718	1N120602YC	2023-09-13	1	1	 	power cable 	OPENED	13	1
719	1N1206034G	2023-09-13	1	1	 	power cable 	OPENED	13	1
720	1N1206034B	2023-09-13	1	1	 	power cable 	OPENED	13	1
721	1N120601XN	2023-09-13	1	1	 	power cable 	OPENED	13	1
722	1N12070D7Y	2023-09-13	1	1	 	power cable 	OPENED	13	1
723	1N120601W9	2023-09-13	1	1	 	power cable 	OPENED	13	1
725	1N1206034R	2023-09-13	1	1	 	power cable 	OPENED	13	1
726	1N1206020G	2023-09-13	1	1	 	power cable 	OPENED	13	1
727	1N120601VK	2023-09-13	1	1	 	power cable 	OPENED	13	1
728	1N120601Z9	2023-09-13	1	1	 	power cable 	OPENED	13	1
730	1N120601ZW	2023-09-13	1	1	 	power cable 	OPENED	13	1
731	1N1206034T	2023-09-13	1	1	 	power cable 	OPENED	13	1
732	1N1206020N	2023-09-13	1	1	 	power cable 	OPENED	13	1
733	1N1206020Z	2023-09-13	1	1	 	power cable 	OPENED	13	1
734	1N12060358	2023-09-13	1	1	 	power cable 	OPENED	13	1
735	1N1206034X	2023-09-13	1	1	 	power cable 	OPENED	13	1
736	1N12070D87	2023-09-13	1	1	 	power cable 	OPENED	13	1
737	1N120601V5	2023-09-13	1	1	 	power cable 	OPENED	13	1
738	-300174 DOUBT	2023-09-13	1	1	 	power cable 	OPENED	10	1
717	1N1206035C	2023-09-13	1	0	 	power cable 	OPENED	13	1
705	INA507Q4YV	2023-09-13	1	0	 	power cable 	OPENED	3	1
729	1N120601XX	2023-09-13	1	0	 	power cable 	OPENED	13	1
678	INA609YVKB	2023-09-13	1	0	 	power cable 	OPENED	1	1
724	1N120601VJ	2023-09-13	1	0	 	power cable 	OPENED	13	1
1224	1433LZ0ETZJ8	2023-09-13	1	1	 	 	OPENED	53	1
1225	2104LZ953EQ8	2023-09-13	1	1	 	 	OPENED	53	1
1226	2104LZ953ET8	2023-09-13	1	1	 	 	OPENED	53	1
1227	2104LZ953EU8	2023-09-13	1	1	 	 	OPENED	53	1
1228	2104LZ953GE8	2023-09-13	1	1	 	 	OPENED	53	1
1229	2104LZ953GG8	2023-09-13	1	1	 	 	OPENED	53	1
1230	2104LZ953GH8	2023-09-13	1	1	 	 	OPENED	53	1
1231	2104LZ963GC8	2023-09-13	1	1	 	 	OPENED	53	1
1232	2104LZ963GK8	2023-09-13	1	1	 	 	OPENED	53	1
1234	2104LZ96RV68	2023-09-13	1	1	 	 	OPENED	53	1
1236	2104LZ96RZK8	2023-09-13	1	1	 	 	OPENED	53	1
1237	2104LZ96RZN8	2023-09-13	1	1	 	 	OPENED	53	1
1238	2104LZ96RZX8	2023-09-13	1	1	 	 	OPENED	53	1
1239	2104LZ96S4J8	2023-09-13	1	1	 	 	OPENED	53	1
1240	2104LZ96S5U8	2023-09-13	1	1	 	 	OPENED	53	1
1241	2104LZ96S7W8	2023-09-13	1	1	 	 	OPENED	53	1
1242	2104LZ96S7Y8	2023-09-13	1	1	 	 	OPENED	53	1
1243	2104LZ96S848	2023-09-13	1	1	 	 	OPENED	53	1
1244	2104LZ96S8A8	2023-09-13	1	1	 	 	OPENED	53	1
1245	2104LZ96SCC8	2023-09-13	1	1	 	 	OPENED	53	1
1246	2105LZ91U5NB	2023-09-13	1	1	 	 	OPENED	53	1
1247	2113LZ92TCV8	2023-09-13	1	1	 	 	OPENED	53	1
1248	2113LZ92TFCB	2023-09-13	1	1	 	 	OPENED	53	1
1249	2113LZ92TFF8	2023-09-13	1	1	 	 	OPENED	53	1
1250	2113LZ92TFJ8	2023-09-13	1	1	 	 	OPENED	53	1
1251	2113LZ92TFQ8	2023-09-13	1	1	 	 	OPENED	53	1
1258	3CQ4410ZFG	2023-10-09	1	1			OPENED	20	1
1254	INA609YWBV	2023-10-09	1	0			OPENED	1	1
1256	S45147PLM3ZPPG	2023-10-09	1	0	 		OPENED	33	1
1262	UXVQVSI104I4785567	2023-10-09	1	0			OPENED	82	1
1264	VNC3508236	2023-10-09	1	0	88A		OPENED	27	1
1266	MMLXNSS002721059544212	2023-10-09	1	0			OPENED	14	1
1297	INA507Q4X9	2023-10-16	1	0			OPENED	3	1
1270	INA609YW9W	2023-10-12	1	0			OPENED	1	1
1272	VNC4L88806	2023-10-12	1	0	88A		OPENED	27	1
1274	INA609YW70	2023-10-12	1	0			OPENED	1	1
1276	18051483	2023-10-12	1	0			OPENED	60	1
1278	3CQ9491L6F	2023-10-12	1	0			OPENED	84	1
1284	NA-COP-M	2023-10-12	1	0			OPENED	60	1
1280	6CM6041KFQ	2023-10-12	1	0			OPENED	19	1
1290	INA609YW25	2023-10-13	1	0			OPENED	1	1
1282	3CQ4433PCR	2023-10-12	1	0			OPENED	20	1
1286	NA-COP-S	2023-10-12	1	0			OPENED	60	1
1260	6CM6041KH5	2023-10-09	1	0			OPENED	19	1
1295	INA507Q4YL	2023-10-16	1	1			OPENED	3	1
1291	INA507Q4ZP	2023-10-16	1	0			OPENED	3	1
1360	AOCCM5D94101335	2023-10-17	1	1			OPENED	18	1
1299	NA-CF1	2023-10-16	1	0			OPENED	60	1
1301	INA609YW7K	2023-10-16	1	0			OPENED	1	1
1303	VNC3508249	2023-10-16	1	0	88A		OPENED	27	1
1305	UXVQVSI104I4785621	2023-10-16	1	0			OPENED	82	1
1336	INA609YW8B	2023-10-17	1	0			OPENED	1	1
654	INA609YVWX	2023-09-13	1	0	 	power cable 	OPENED	1	1
1311	S70157GLM1G1CV	2023-10-16	1	0			OPENED	34	1
1366	1N120601VC	2023-10-17	1	0			OPENED	13	1
95	UR14701002841082D89F00	2023-09-13	1	1	 	vga cable,power cable 	OPENED	14	1
1328		2023-10-17	40	40			OPENED	91	1
1314	INA609YW3H	2023-10-17	1	0			OPENED	1	1
1320	QS7L312023840	2023-10-17	1	0			OPENED	89	1
1318	3CQ4433PCJ	2023-10-17	1	0			OPENED	20	1
1322	NA-NUM-CM1	2023-10-17	1	0			OPENED	61	1
1324	6CM6041M9G	2023-10-17	1	0			OPENED	19	1
1326	CN12F6M14Y	2023-10-17	1	0		Color Printer	OPENED	90	1
1330	NA-NUM-CM2	2023-10-17	1	0			OPENED	61	1
1334	X68K001603	2023-10-17	1	0	Ink 500		OPENED	37	1
1344	6CM6041KFR	2023-10-17	1	0			OPENED	19	1
1338	VNC3508254	2023-10-17	1	0	88A		OPENED	27	1
1342	VNC3508330	2023-10-17	1	0	88A		OPENED	27	1
1368	INA609YW91	2023-10-17	1	0			OPENED	1	1
1350	NA-OFF3	2023-10-17	1	0			OPENED	60	1
1346		2023-10-17	100	99			OPENED	92	1
1348	TJPG0990051J3232A	2023-10-17	1	0			OPENED	77	1
1371	NA-RS-OFF1	2023-10-17	1	0			OPENED	60	1
1352	TJPG0990051J3237A	2023-10-17	1	0			OPENED	77	1
1354	18050996	2023-10-17	1	0			OPENED	60	1
1356	6CM6041KZD	2023-10-17	1	0			OPENED	19	1
1358	18051201	2023-10-17	1	0			OPENED	60	1
1359	INA609YW0Y	2023-10-17	1	0			OPENED	1	1
1235	2104LZ96RYF8	2023-09-13	1	0	 	 	OPENED	53	1
1361	S70157GLM1G1DN	2023-10-17	1	0			OPENED	34	1
1362	18051267	2023-10-17	1	0			OPENED	60	1
1363	2UA6332N8J	2023-10-17	1	0			OPENED	81	1
1364	MMLY0SS01183803ABE8525	2023-10-17	1	0			OPENED	14	1
1365	18050148	2023-10-17	1	0			OPENED	60	1
1268		2023-10-09	50	46			OPENED	87	1
1316		2023-10-17	5	4			OPENED	89	1
1369	3CQ20216PH	2023-10-17	1	0			OPENED	84	1
1370	X68K001674	2023-10-17	1	0			OPENED	37	1
1293	VNC4L84494	2023-10-16	1	1	88A		OPENED	27	1
1233	2104LZ96RU38	2023-09-13	1	0	 	 	OPENED	53	1
1288		2023-10-13	50	40			OPENED	73	1
857	X68K001632	2023-09-13	1	1	INK BLACK 005	power cable usb printer cable 	OPENED	37	1
859	X68K001768	2023-09-13	1	1	INK BLACK 005	power cable usb printer cable 	OPENED	37	1
860	X68K001620	2023-09-13	1	1	INK BLACK 005	power cable usb printer cable 	OPENED	37	1
861	X68K001715	2023-09-13	1	1	INK BLACK 005	power cable usb printer cable 	OPENED	37	1
862	X68K001667	2023-09-13	1	1	INK BLACK 005	power cable usb printer cable 	OPENED	37	1
863	X68K001602	2023-09-13	1	1	INK BLACK 005	power cable usb printer cable 	OPENED	37	1
864	X68K001727	2023-09-13	1	1	INK BLACK 005	power cable usb printer cable 	OPENED	37	1
865	X68K001969	2023-09-13	1	1	INK BLACK 005	power cable usb printer cable 	OPENED	37	1
867	X68K001775	2023-09-13	1	1	INK BLACK 005	power cable usb printer cable 	OPENED	37	1
869	X68K001629	2023-09-13	1	1	INK BLACK 005	power cable usb printer cable 	OPENED	37	1
870	X68K000345	2023-09-13	1	1	INK BLACK 005	power cable usb printer cable 	OPENED	37	1
871	X68K001728	2023-09-13	1	1	INK BLACK 005	power cable usb printer cable 	OPENED	37	1
873	X68K001610	2023-09-13	1	1	INK BLACK 005	power cable usb printer cable 	OPENED	37	1
875	CNCHB78511	2023-09-13	1	1	12A	power cable usb printer cable 	OPENED	30	1
876	CNCHB78519	2023-09-13	1	1	12A	power cable usb printer cable 	OPENED	30	1
877	CNCHB78524	2023-09-13	1	1	12A	power cable usb printer cable 	OPENED	30	1
878	CNCHD26699	2023-09-13	1	1	12A	power cable usb printer cable 	OPENED	30	1
879	VNC4L89086	2023-09-13	1	1	88A	power cable usb printer cable 	OPENED	27	1
880	VNC4L28519	2023-09-13	1	1	88A	power cable usb printer cable 	OPENED	27	1
881	VNC3508461	2023-09-13	1	1	88A	power cable usb printer cable 	OPENED	27	1
882	VNC3508598	2023-09-13	1	1	88A	power cable usb printer cable 	OPENED	27	1
883	VNC4L89552	2023-09-13	1	1	88A	power cable usb printer cable 	OPENED	27	1
885	VNC4L88900	2023-09-13	1	1	88A	power cable usb printer cable 	OPENED	27	1
886	VNC4L88829	2023-09-13	1	1	88A	power cable usb printer cable 	OPENED	27	1
887	VNC3J10539	2023-09-13	1	1	88A	power cable usb printer cable 	OPENED	27	1
888	VNC3J10410	2023-09-13	1	1	88A	power cable usb printer cable 	OPENED	27	1
889	VNC4L84546	2023-09-13	1	1	88A	power cable usb printer cable 	OPENED	27	1
890	VNC3508252	2023-09-13	1	1	88A	power cable usb printer cable 	OPENED	27	1
891	VNC3508457	2023-09-13	1	1	88A	power cable usb printer cable 	OPENED	27	1
892	VNC4L89538	2023-09-13	1	1	88A	power cable usb printer cable 	OPENED	27	1
893	VNC3J10422	2023-09-13	1	1	88A	power cable usb printer cable 	OPENED	27	1
894	VNC4L89336	2023-09-13	1	1	88A	power cable usb printer cable 	OPENED	27	1
895	VNC3J10320	2023-09-13	1	1	88A	power cable usb printer cable 	OPENED	27	1
898	VNC4L88846	2023-09-13	1	1	88A	power cable usb printer cable 	OPENED	27	1
899	VNC4L89553	2023-09-13	1	1	88A	power cable usb printer cable 	OPENED	27	1
900	VNC3J10548	2023-09-13	1	1	88A	power cable usb printer cable 	OPENED	27	1
901	VNC3508237	2023-09-13	1	1	88A	power cable usb printer cable 	OPENED	27	1
902	VNC4L85087	2023-09-13	1	1	88A	power cable usb printer cable 	OPENED	27	1
903	VNC3508526	2023-09-13	1	1	88A	power cable usb printer cable 	OPENED	27	1
904	VVC4L89423	2023-09-13	1	1	88A	power cable usb printer cable 	OPENED	27	1
905	VNC3J10841	2023-09-13	1	1	88A	power cable usb printer cable 	OPENED	27	1
906	VNC4L88678	2023-09-13	1	1	88A	power cable usb printer cable 	OPENED	27	1
908	VNC3J07706	2023-09-13	1	1	88A	power cable usb printer cable 	OPENED	27	1
909	VNC3508240	2023-09-13	1	1	88A	power cable usb printer cable 	OPENED	27	1
910	VNC4L89546	2023-09-13	1	1	88A	power cable usb printer cable 	OPENED	27	1
868	X68K001669	2023-09-13	1	0	INK BLACK 005	power cable usb printer cable 	OPENED	37	1
874	X68K001730	2023-09-13	1	0	INK BLACK 005	power cable usb printer cable 	OPENED	37	1
897	VNC4L89441	2023-09-13	1	0	88A	power cable usb printer cable 	OPENED	27	1
896	VNC4L88973	2023-09-13	1	0	88A	power cable usb printer cable 	OPENED	27	1
884	VNC4L85092	2023-09-13	1	0	88A	power cable usb printer cable 	OPENED	27	1
907	VNC3508455	2023-09-13	1	0	88A	power cable usb printer cable 	OPENED	27	1
872	X68K001697	2023-09-13	1	0	INK BLACK 005	power cable usb printer cable 	OPENED	37	1
858	X68K001705	2023-09-13	1	0	INK BLACK 005	power cable usb printer cable 	OPENED	37	1
866	X68K000771	2023-09-13	1	0	INK BLACK 005	power cable usb printer cable 	OPENED	37	1
911	VNC3J10505	2023-09-13	1	1	88A	power cable usb printer cable 	OPENED	27	1
912	VNC3J10676	2023-09-13	1	1	88A	power cable usb printer cable 	OPENED	27	1
913	VNC4L35584	2023-09-13	1	1	88A	power cable usb printer cable 	OPENED	27	1
914	VNC3J10825	2023-09-13	1	1	88A	power cable usb printer cable 	OPENED	27	1
915	VNC4L34450	2023-09-13	1	1	88A	power cable usb printer cable 	OPENED	27	1
916	VNC3J10807	2023-09-13	1	1	88A	power cable usb printer cable 	OPENED	27	1
917	VNC3J10542	2023-09-13	1	1	88A	power cable usb printer cable 	OPENED	27	1
918	VNC3J10659	2023-09-13	1	1	88A	power cable usb printer cable 	OPENED	27	1
919	VNC4L89090	2023-09-13	1	1	88A	power cable usb printer cable 	OPENED	27	1
920	VNC3508244	2023-09-13	1	1	88A	power cable usb printer cable 	OPENED	27	1
921	VNC4L89044	2023-09-13	1	1	88A	power cable usb printer cable 	OPENED	27	1
922	VNC3508631	2023-09-13	1	1	88A	power cable usb printer cable 	OPENED	27	1
923	VNC3J10816	2023-09-13	1	1	88A	power cable usb printer cable 	OPENED	27	1
924	VNC3508247	2023-09-13	1	1	88A	power cable usb printer cable 	OPENED	27	1
925	VNC4L89489	2023-09-13	1	1	88A	power cable usb printer cable 	OPENED	27	1
926	VNC4L33952	2023-09-13	1	1	88A	power cable usb printer cable 	OPENED	27	1
927	VNC3508243	2023-09-13	1	1	88A	power cable usb printer cable 	OPENED	27	1
928	VNC4L88836	2023-09-13	1	1	88A	power cable usb printer cable 	OPENED	27	1
929	VNC3J10810	2023-09-13	1	1	88A	power cable usb printer cable 	OPENED	27	1
930	VNC3508454	2023-09-13	1	1	88A	power cable usb printer cable 	OPENED	27	1
931	VNC4L28478	2023-09-13	1	1	88A	power cable usb printer cable 	OPENED	27	1
932	VNC4L89019	2023-09-13	1	1	88A	power cable usb printer cable 	OPENED	27	1
933	VNC3J10317	2023-09-13	1	1	88A	power cable usb printer cable 	OPENED	27	1
934	VNC3J10521	2023-09-13	1	1	88A	power cable usb printer cable 	OPENED	27	1
935	VNC3J10664	2023-09-13	1	1	88A	power cable usb printer cable 	OPENED	27	1
936	VNC3508460	2023-09-13	1	1	88A	power cable usb printer cable 	OPENED	27	1
937	VNC4L89207	2023-09-13	1	1	88A	power cable usb printer cable 	OPENED	27	1
938	VNC3J10756	2023-09-13	1	1	88A	power cable usb printer cable 	OPENED	27	1
939	VNC3J10811	2023-09-13	1	1	88A	power cable usb printer cable 	OPENED	27	1
940	VNC3508241	2023-09-13	1	1	88A	power cable usb printer cable 	OPENED	27	1
941	VNC4L88847	2023-09-13	1	1	88A	power cable usb printer cable 	OPENED	27	1
942	CNBRPD09V3	2023-09-13	1	1	88A	power cable usb printer cable 	OPENED	28	1
943	CNBRPD81QR	2023-09-13	1	1	88A	power cable usb printer cable 	OPENED	28	1
944	70157GLM1G1FV	2023-09-13	1	1	 Image Unit +50FT000	power cable usb printer cable 	OPENED	34	1
945	70157GLM1G1DR	2023-09-13	1	1	 Image Unit +50FT000	power cable usb printer cable 	OPENED	34	1
946	70157GLM1G1DM	2023-09-13	1	1	 Image Unit +50FT000	power cable usb printer cable 	OPENED	34	1
947	70157PLM1H0X4	2023-09-13	1	1	 Image Unit +50FT000	power cable usb printer cable 	OPENED	34	1
948	70157PLM1H0X0	2023-09-13	1	1	 Image Unit +50FT000	power cable usb printer cable 	OPENED	34	1
949	70157GLM1G1PC	2023-09-13	1	1	 Image Unit +50FT000	power cable usb printer cable 	OPENED	34	1
950	70157GLM1G1DP	2023-09-13	1	1	 Image Unit +50FT000	power cable usb printer cable 	OPENED	34	1
951	70157PLM1GP3T	2023-09-13	1	1	 Image Unit +50FT000	power cable usb printer cable 	OPENED	34	1
952	70157GLM1G1PZ	2023-09-13	1	1	 Image Unit +50FT000	power cable usb printer cable 	OPENED	34	1
953	70157PLM1H0CK	2023-09-13	1	1	 Image Unit +50FT000	power cable usb printer cable 	OPENED	34	1
954	70157GLM1G1PT	2023-09-13	1	1	 Image Unit +50FT000	power cable usb printer cable 	OPENED	34	1
955	45147PLM3ZND4	2023-09-13	1	1	 Image Unit +50FT000	power cable usb printer cable 	OPENED	33	1
956	45147PLM3Z5PD	2023-09-13	1	1	 Image Unit +50FT000	power cable usb printer cable 	OPENED	33	1
957	45147PLM3ZNCX	2023-09-13	1	1	 Image Unit +50FT000	power cable usb printer cable 	OPENED	33	1
958	45147PLM3Z653	2023-09-13	1	1	 Image Unit +50FT000	power cable usb printer cable 	OPENED	33	1
959	45147PLM3Z6NW	2023-09-13	1	1	 Image Unit +50FT000	power cable usb printer cable 	OPENED	33	1
960	45147PLM3Z5P2	2023-09-13	1	1	 Image Unit +50FT000	power cable usb printer cable 	OPENED	33	1
961	18M04393400000106VL4	2023-09-13	1	1	B22H00	power cable usb printer cable 	OPENED	36	1
962	0	2023-09-13	1	1	  	  	OPENED	64	1
963	0	2023-09-13	1	1	  	  	OPENED	64	1
964	0	2023-09-13	1	1	  	  	OPENED	65	1
965	12211117490	2023-09-13	1	1	  	  	OPENED	61	1
966	12211117749	2023-09-13	1	1	  	  	OPENED	61	1
967	12211117469	2023-09-13	1	1	  	  	OPENED	61	1
968	12211116863	2023-09-13	1	1	  	  	OPENED	61	1
970	12211117752	2023-09-13	1	1	  	  	OPENED	61	1
971	12211117025	2023-09-13	1	1	  	  	OPENED	61	1
972	12211117487	2023-09-13	1	1	  	  	OPENED	61	1
973	12211117750	2023-09-13	1	1	  	  	OPENED	61	1
974	12211117463	2023-09-13	1	1	  	  	OPENED	61	1
975	241906530105	2023-09-13	1	1	  	  	OPENED	61	1
976	12211117032	2023-09-13	1	1	  	  	OPENED	61	1
977	12211117479	2023-09-13	1	1	  	  	OPENED	61	1
978	12211117472	2023-09-13	1	1	  	  	OPENED	61	1
979	12211117506	2023-09-13	1	1	  	  	OPENED	61	1
980	12211117741	2023-09-13	1	1	  	  	OPENED	61	1
981	12211117464	2023-09-13	1	1	  	  	OPENED	61	1
982	18050334	2023-09-13	1	1	  	  	OPENED	61	1
983	12211117738	2023-09-13	1	1	  	  	OPENED	61	1
984	12211117043	2023-09-13	1	1	  	  	OPENED	61	1
985	12211117070	2023-09-13	1	1	  	  	OPENED	61	1
986	12211117040	2023-09-13	1	1	  	  	OPENED	61	1
988	12211117494	2023-09-13	1	1	  	  	OPENED	61	1
991	12211117481	2023-09-13	1	1	  	  	OPENED	61	1
992	12211117535	2023-09-13	1	1	  	  	OPENED	61	1
993	12211116888	2023-09-13	1	1	  	  	OPENED	61	1
994	12211116887	2023-09-13	1	1	  	  	OPENED	61	1
995	12211116886	2023-09-13	1	1	  	  	OPENED	61	1
996	12211117478	2023-09-13	1	1	  	  	OPENED	61	1
997	12211116862	2023-09-13	1	1	  	  	OPENED	61	1
998	12211117743	2023-09-13	1	1	  	  	OPENED	61	1
999	12211116964	2023-09-13	1	1	  	  	OPENED	61	1
1000	12211117461	2023-09-13	1	1	  	  	OPENED	61	1
1001	Serial no missing	2023-09-13	1	1	  	  	OPENED	61	1
1002	12211117038	2023-09-13	1	1	  	  	OPENED	61	1
1003	12211117480	2023-09-13	1	1	  	  	OPENED	61	1
1004	12211117470	2023-09-13	1	1	  	  	OPENED	61	1
1005	12211117028	2023-09-13	1	1	  	  	OPENED	61	1
1006	12211117493	2023-09-13	1	1	  	  	OPENED	61	1
1007	12211116885	2023-09-13	1	1	  	  	OPENED	61	1
1008	12211117029	2023-09-13	1	1	  	  	OPENED	61	1
1009	12211117477	2023-09-13	1	1	  	  	OPENED	61	1
1010	12211117026	2023-09-13	1	1	  	  	OPENED	61	1
1011	12211117468	2023-09-13	1	1	  	  	OPENED	61	1
1012	12211117488	2023-09-13	1	1	  	  	OPENED	61	1
1013	12211117471	2023-09-13	1	1	  	  	OPENED	61	1
1014	12211117489	2023-09-13	1	1	  	  	OPENED	61	1
1015	12211116914	2023-09-13	1	1	  	  	OPENED	61	1
1016	12211117072 extra	2023-09-13	1	1	  	  	OPENED	61	1
1018	12211117533 extra variyal 	2023-09-13	1	1	  	  	OPENED	61	1
1019	UV90128487	2023-09-13	1	1	  	  	OPENED	85	1
1021	18050124	2023-09-13	1	1	  	  	OPENED	60	1
1022	18051319	2023-09-13	1	1	  	  	OPENED	60	1
1024	No	2023-09-13	1	1	  	  	OPENED	60	1
1025	18050518	2023-09-13	1	1	  	  	OPENED	60	1
1027	No	2023-09-13	1	1	  	  	OPENED	60	1
1029	18050370	2023-09-13	1	1	  	  	OPENED	60	1
1030	0	2023-09-13	1	1	  	  	OPENED	60	1
1031	18050373	2023-09-13	1	1	  	  	OPENED	60	1
1032	18050583	2023-09-13	1	1	  	  	OPENED	60	1
1033	18051270	2023-09-13	1	1	  	  	OPENED	60	1
1034	18051351	2023-09-13	1	1	  	  	OPENED	60	1
1035	No	2023-09-13	1	1	  	  	OPENED	60	1
1036	0	2023-09-13	1	1	  	  	OPENED	60	1
1037	18050858	2023-09-13	1	1	  	  	OPENED	60	1
1038	18051503	2023-09-13	1	1	  	  	OPENED	60	1
1039	18050171	2023-09-13	1	1	  	  	OPENED	60	1
1040	18061089	2023-09-13	1	1	  	  	OPENED	60	1
1041	0	2023-09-13	1	1	  	  	OPENED	60	1
1042	18050648	2023-09-13	1	1	  	  	OPENED	60	1
1043	No	2023-09-13	1	1	  	  	OPENED	60	1
1044	18051379	2023-09-13	1	1	  	  	OPENED	60	1
1045	18051250	2023-09-13	1	1	  	  	OPENED	60	1
1046	0	2023-09-13	1	1	  	  	OPENED	60	1
1047	0	2023-09-13	1	1	  	  	OPENED	60	1
1048	0	2023-09-13	1	1	  	  	OPENED	60	1
1049	18051507	2023-09-13	1	1	  	  	OPENED	60	1
1050	No	2023-09-13	1	1	  	  	OPENED	60	1
1051	No	2023-09-13	1	1	  	  	OPENED	60	1
1052	18051058	2023-09-13	1	1	  	  	OPENED	60	1
1053	18050598	2023-09-13	1	1	  	  	OPENED	60	1
1054	0	2023-09-13	1	1	  	  	OPENED	60	1
1055	18051478	2023-09-13	1	1	  	  	OPENED	60	1
1056	No	2023-09-13	1	1	  	  	OPENED	60	1
1057	18050511	2023-09-13	1	1	  	  	OPENED	60	1
1058	18051064	2023-09-13	1	1	  	  	OPENED	60	1
1059	0	2023-09-13	1	1	  	  	OPENED	60	1
1060	0	2023-09-13	1	1	  	  	OPENED	60	1
1061	0	2023-09-13	1	1	  	  	OPENED	60	1
1062	0	2023-09-13	1	1	  	  	OPENED	60	1
1063	No	2023-09-13	1	1	  	  	OPENED	60	1
1064	No	2023-09-13	1	1	  	  	OPENED	60	1
1065	0	2023-09-13	1	1	  	  	OPENED	60	1
1066	18051366	2023-09-13	1	1	  	  	OPENED	60	1
1067	No	2023-09-13	1	1	  	  	OPENED	60	1
1068	18050340	2023-09-13	1	1	  	  	OPENED	60	1
1069	18051110	2023-09-13	1	1	  	  	OPENED	60	1
1070	18051118	2023-09-13	1	1	  	  	OPENED	60	1
1071	18050933	2023-09-13	1	1	  	  	OPENED	60	1
1072	No	2023-09-13	1	1	  	  	OPENED	60	1
1073	0	2023-09-13	1	1	  	  	OPENED	60	1
1074	18050502	2023-09-13	1	1	  	  	OPENED	60	1
1075	0	2023-09-13	1	1	  	  	OPENED	60	1
1076	18050696	2023-09-13	1	1	  	  	OPENED	60	1
1077	0	2023-09-13	1	1	  	  	OPENED	60	1
1078	0	2023-09-13	1	1	  	  	OPENED	60	1
1079	0	2023-09-13	1	1	  	  	OPENED	60	1
1080	18050459	2023-09-13	1	1	  	  	OPENED	60	1
1081	18050335	2023-09-13	1	1	  	  	OPENED	60	1
1082	18051516	2023-09-13	1	1	  	  	OPENED	60	1
1083	0	2023-09-13	1	1	  	  	OPENED	60	1
987	12211117485	2023-09-13	1	0	  	  	OPENED	61	1
1023	0	2023-09-13	1	0	  	  	OPENED	60	1
990	12211117495	2023-09-13	1	0	  	  	OPENED	61	1
1020	0	2023-09-13	1	0	  	  	OPENED	60	1
989	12211117037	2023-09-13	1	0	  	  	OPENED	61	1
1026	0	2023-09-13	1	0	  	  	OPENED	60	1
1028	0	2023-09-13	1	0	  	  	OPENED	60	1
1084	18015068	2023-09-13	1	1	  	  	OPENED	60	1
1085	0	2023-09-13	1	1	  	  	OPENED	63	1
1252	KFBC05625	2023-09-13	1	1	 	 	OPENED	41	1
1253	3CQ4410YQB	2023-10-07	1	1			OPENED	20	1
1124	0AJYHPBRC00232	2023-09-13	1	1	 	TV Remote,TV Power Cable,HDMI Cable	OPENED	51	1
1257	INA609YVW1	2023-10-09	1	1			OPENED	1	1
1255	6CM6041KY6	2023-10-09	1	0			OPENED	19	1
1263	3CQ20214LM	2023-10-09	1	0			OPENED	84	1
1265	INA609YVT3	2023-10-09	1	0			OPENED	1	1
1267	X68K001628	2023-10-09	1	0	Ink 500		OPENED	37	1
1313	UR14701002841082D89F00	2023-10-16	1	0			OPENED	15	1
1271	6CM6041LRX	2023-10-12	1	0			OPENED	19	1
1114	0AJYHPAT100311L	2023-09-13	1	1	 	TV Remote,TV Power Cable,HDMI Cable	OPENED	51	1
1115	0AJYHPAT100312W	2023-09-13	1	1	 	TV Remote,TV Power Cable,HDMI Cable	OPENED	51	1
1116	0AJYHPBRC00095J	2023-09-13	1	1	 	TV Remote,TV Power Cable,HDMI Cable	OPENED	51	1
1117	0AJYHPBRC00096N	2023-09-13	1	1	 	TV Remote,TV Power Cable,HDMI Cable	OPENED	51	1
1118	0AJYHPBRC00100J	2023-09-13	1	1	 	TV Remote,TV Power Cable,HDMI Cable	OPENED	51	1
1119	0AJYHPBRC00104H	2023-09-13	1	1	 	TV Remote,TV Power Cable,HDMI Cable	OPENED	51	1
1120	0AJYHPBRC00158F	2023-09-13	1	1	 	TV Remote,TV Power Cable,HDMI Cable	OPENED	51	1
1121	0AJYHPBRC00213E	2023-09-13	1	1	 	TV Remote,TV Power Cable,HDMI Cable	OPENED	51	1
1122	0AJYHPBRC00221W	2023-09-13	1	1	 	TV Remote,TV Power Cable,HDMI Cable	OPENED	51	1
1123	0AJYHPBRC00231R	2023-09-13	1	1	 	TV Remote,TV Power Cable,HDMI Cable	OPENED	51	1
1125	0AJYHPBRC00265L	2023-09-13	1	1	 	TV Remote,TV Power Cable,HDMI Cable	OPENED	51	1
1126	0AJYHPBRC00267	2023-09-13	1	1	 	TV Remote,TV Power Cable,HDMI Cable	OPENED	51	1
1127	0AJYHPBRC00353N	2023-09-13	1	1	 	TV Remote,TV Power Cable,HDMI Cable	OPENED	51	1
1128	0AJYHPBRC00354Y	2023-09-13	1	1	 	TV Remote,TV Power Cable,HDMI Cable	OPENED	51	1
1130	0AJYHPBRC00364T	2023-09-13	1	1	 	TV Remote,TV Power Cable,HDMI Cable	OPENED	51	1
1131	0AJYHPBRC00365J	2023-09-13	1	1	 	TV Remote,TV Power Cable,HDMI Cable	OPENED	51	1
1133	0AJYHPBRC00374M	2023-09-13	1	1	 	TV Remote,TV Power Cable,HDMI Cable	OPENED	51	1
1135	0AJYHPBRC00378J	2023-09-13	1	1	 	TV Remote,TV Power Cable,HDMI Cable	OPENED	51	1
1136	0AJYHPBRC00411R	2023-09-13	1	1	 	TV Remote,TV Power Cable,HDMI Cable	OPENED	51	1
1137	0AJYHPBRC00412D	2023-09-13	1	1	 	TV Remote,TV Power Cable,HDMI Cable	OPENED	51	1
1138	0AJYHPBRC00419E	2023-09-13	1	1	 	TV Remote,TV Power Cable,HDMI Cable	OPENED	51	1
1139	0AJYHPBRC00420H	2023-09-13	1	1	 	TV Remote,TV Power Cable,HDMI Cable	OPENED	51	1
1140	0AJYHPBRC00421X	2023-09-13	1	1	 	TV Remote,TV Power Cable,HDMI Cable	OPENED	51	1
1273	NA-Copying	2023-10-12	1	0		Coping	OPENED	60	1
1275	6CM6041LSX	2023-10-12	1	0			OPENED	19	1
1277	CNBRPD81VB	2023-10-12	1	0	88A		OPENED	28	1
1287	UXVPNSI530I4801246	2023-10-13	1	0			OPENED	8	1
1279	CNBRPD099W	2023-10-12	1	0	88A		OPENED	28	1
1289	UXVQVSI104I4785687	2023-10-13	1	0			OPENED	6	1
1281	VNC4L89186	2023-10-12	1	0	88A		OPENED	27	1
1285	NA-COP-G	2023-10-12	1	0			OPENED	60	1
1283	S70157GLM1G1GC	2023-10-12	1	0			OPENED	34	1
1259	INA507Q51M	2023-10-09	1	0			OPENED	3	1
1261	18051174	2023-10-09	1	0			OPENED	60	1
1269		2023-10-09	50	48			OPENED	86	1
1296	UR1470100283205FFE9F00	2023-10-16	1	1			OPENED	14	1
1292	3CQ44630CL	2023-10-16	1	0			OPENED	20	1
1294	NA-CF	2023-10-16	1	0			OPENED	60	1
1298	3CQ4433PDC	2023-10-16	1	0			OPENED	20	1
1302	3CQ4433PCX	2023-10-16	1	0			OPENED	20	1
1304	NA-NZ	2023-10-16	1	0			OPENED	60	1
1306	MMLXNSS00272105A4E4212	2023-10-16	1	0			OPENED	14	1
1308	NA-NUM-NZ	2023-10-16	1	0			OPENED	61	1
1300		2023-10-16	50	47			OPENED	88	1
1312	NA-NUM-NZ1	2023-10-16	1	0			OPENED	61	1
1315	6CM6041K08	2023-10-17	1	0			OPENED	19	1
1319	NA-NUM-CM	2023-10-17	1	0			OPENED	61	1
1321	NA-RS-CM1	2023-10-17	1	0			OPENED	60	1
1317	INA609YVLL	2023-10-17	1	0			OPENED	1	1
1323	INA609YWCF	2023-10-17	1	0			OPENED	1	1
1325	6CM6041JZD	2023-10-17	1	0			OPENED	19	1
1327	QS7L312023850	2023-10-17	1	0			OPENED	89	1
1329	NA-RS-CM2	2023-10-17	1	0			OPENED	60	1
1337	TJPG0990051J0152A	2023-10-17	1	0			OPENED	77	1
1335	12211117496	2023-10-17	1	0			OPENED	61	1
1343	INA609YW22	2023-10-17	1	0			OPENED	1	1
1339	NA-OFF1	2023-10-17	1	0			OPENED	60	1
1341	3CQ4410YRW	2023-10-17	1	0			OPENED	20	1
1351	INA609YVV0	2023-10-17	1	0			OPENED	1	1
1347	INA609YVSC	2023-10-17	1	0			OPENED	1	1
1355	5083A1452423	2023-10-17	1	0			OPENED	9	1
1353	X68K001696	2023-10-17	1	0			OPENED	37	1
1134	0AJYHPBRC00377T	2023-09-13	1	0	 	TV Remote,TV Power Cable,HDMI Cable	OPENED	51	1
1357	CNCHB78508	2023-10-17	1	0			OPENED	29	1
1345	NA-OFF2	2023-10-17	1	0			OPENED	60	1
1129	0AJYHPBRC00362E	2023-09-13	1	0	 	TV Remote,TV Power Cable,HDMI Cable	OPENED	51	1
1132	0AJYHPBRC00373B	2023-09-13	1	0	 	TV Remote,TV Power Cable,HDMI Cable	OPENED	51	1
1331		2023-10-17	50	39			OPENED	68	1
1332	INA507Q552	2023-10-17	1	0			OPENED	3	1
1333	AOCCM5D94101512	2023-10-17	1	0			OPENED	18	1
1340	INA507Q546	2023-10-17	1	0			OPENED	3	1
1349	VNC3J10437	2023-10-17	1	0	88A		OPENED	27	1
1367	TJPG0990051J0192A	2023-10-17	1	0			OPENED	77	1
1372	51539	2023-10-17	1	0			OPENED	41	1
1373	X2HC009932	2023-10-17	1	0			OPENED	93	1
1375	3CQ5194170	2023-10-18	1	0			OPENED	20	1
1374	UXVQVSI104I4785565	2023-10-18	1	0			OPENED	8	1
1376	X68K001634	2023-10-18	1	0			OPENED	37	1
1377	INA507Q51V	2023-10-18	1	0			OPENED	3	1
1378	3CQ4433PDV	2023-10-18	1	0			OPENED	20	1
1379	VNC3J10869	2023-10-18	1	0	88A		OPENED	27	1
1017	12211117071	2023-09-13	1	0	  	  	OPENED	61	1
1381	Need to Check	2023-10-18	1	1			OPENED	95	1
1382	VNC4A89538	2023-10-19	1	1	88A		OPENED	27	1
1383	3CQ20214KP	2023-10-20	1	1			OPENED	84	1
19	INA507Q4W1	2023-05-03	1	0		vga cable,power cable kamlesh	NEW	3	1
1380		2023-10-18	1	0			OPENED	94	1
1384	3CQ306051Z	2023-11-02	1	0			OPENED	84	1
186	6CM6041KH7	2023-09-13	1	0	 	vga cable,power cable 	OPENED	19	1
1390	2105LZ91U5N8	2023-12-26	1	0			OPENED	53	1
1386	3CQ20216NG	2023-12-26	1	0			OPENED	84	1
969	12211117486	2023-09-13	1	0	  	  	OPENED	61	1
1388	X68K001658	2023-12-26	1	0	Ink 500		OPENED	37	1
1391		2023-12-26	1	1		 	OPENED	13	1
1385	3CQ20216NL	2023-12-26	1	0			OPENED	84	1
1387	1N120602Y1	2023-12-26	1	0			OPENED	13	1
1389	X68K000632	2023-12-26	1	0	Ink 500		OPENED	37	1
\.


--
-- Data for Name: inventory_productmodelmaster; Type: TABLE DATA; Schema: public; Owner: postgres
--

COPY public.inventory_productmodelmaster (product_mod_id, product_mod_name, product_com_id) FROM stdin;
1	HP 406G1 MT Bussiness PC	1
2	HP 507G1 MT Bussiness PC	1
3	HP Elight-Desk 800 G1 PC	1
4	HP 480Bussinesh PC	1
6	Acer Veriton 4660 PC	2
7	Acer Veriton 6545 PC	2
8	Acer M2640G PC	2
9	HCL PC	3
10	Wipro 37515 PC	4
11	Dell PC	5
12	HP Prodesk 400 G7 Small Form Factor PC i5	1
13	HP Prodesk 400 G7 Small Form Factor PC i3	1
14	ACER V196 HQL	6
15	ACER EV196 HQL	6
16	ACER V226 HQL	6
18	AOC LM725	8
19	HP V192	9
20	HP V193	9
21	HP V194	9
22	HP COMPAQ LE1902X	9
23	DELL	10
24	LENOVO 6122	11
25	HCL	12
26	LG	13
29	HP LJ 1020 	33
30	HP LJ 1020-PLUS	33
31	HP MFP M126nw	33
32	HP P1505	33
33	LEXMARK MX312dn	34
34	LEXMARK MX310dn	34
35	LEXMARK B2236dw	34
36	LEXMARK B2236adw	34
37	EPSON M1170	35
38	SAMSANG 2245	36
39	EPSON WORK FORCE DS770II	37
40	EPSON ELPDC21	37
41	CANON LIDE120	39
42	HP SCANJET-PRO 2000S2	38
43	AVISION AV610C2	40
44	HP ProOne 400G1 AiO Bussiness PC	41
45	HP 24-cb1237 AiO	41
46	LENOVO -- 	43
47	TOSHIBA eSTUDIO 3518A	45
48	POWER EDGE R540	47
49	HP VC4725 LNX	50
50	ACER VERITON E220M26XXX	51
52	GLOBUS	60
54	LOGITECH C922 PRO HD	44
55	LOGITECH Z120 COMPACT STERO 	54
56	JABRA	55
57	HIK VISION	58
58	KIRLOSKAR	56
59	MAHINDRA	57
60	RS POWER	14
61	NUMERIC DIGITAL 600EX	15
62	NUMERIC DIGITAL 1000HR-V	15
63	UNILINE	16
64	Intex	17
65	Keptron	18
66	Battery E02-EP26-12N	19
53	LOGITECH BCC950	44
77	WIPRO WLG171t	7
79	VS-400	64
5	HP 280 G4 MT 	1
81	HP ProDesk 600 G2 SFF	1
82	Veriton M4660G	2
27	HP Laser Jet Pro M202dw	33
28	HP Laser Jet Pro  MFP M226dw	33
80	LC	65
83	LC	66
84	HP 204V	9
85	OTHER	67
51	Samsung Bussiness TV 43''	59
67	HP	20
68	LENOVO	21
69	DELL	22
70	FRONTECH	23
71	LOGITECH	24
78	iBall	63
72	HP	25
73	LENOVO	26
74	DELL	27
75	FRONTECH	28
76	LOGITECH	29
86	ACER	68
87	ACER	69
88	iBall	70
89	dlink8ps	31
90	HP INK TANK 316	33
91	4.0 Port	72
92	DLink	74
93	DS-530	37
94	ProDot	75
95	LLOYD TV	76
96	DUMMY	77
\.


--
-- Data for Name: inventory_productpuchasedetails; Type: TABLE DATA; Schema: public; Owner: postgres
--

COPY public.inventory_productpuchasedetails (propur_id, propur_remarks, box_detail, purchase_id, no_of_item, product_id) FROM stdin;
1	DUMMY	DUMMY	1	0	96
\.


--
-- Data for Name: inventory_producttransactiondetails; Type: TABLE DATA; Schema: public; Owner: postgres
--

COPY public.inventory_producttransactiondetails (pro_trans_id, issue_date, no_of_item_issue, issue_remarks, return_date, no_of_item_return, return_remarks, trans_flag, product_id, sdm_id) FROM stdin;
1	2023-12-26	1		1900-01-01	0		0	2	18
2	2023-12-26	1		1900-01-01	0		0	2	22
3	2023-12-26	1		1900-01-01	0		0	2	25
4	2023-10-18	1		1900-01-01	0		0	2	34
5	2023-10-18	1		1900-01-01	0		0	2	34
6	2023-10-18	1		1900-01-01	0		0	2	34
7	2023-10-18	1		1900-01-01	0		0	2	34
8	2023-10-09	1	 	1900-01-01	0		0	2	36
9	2023-10-17	1		1900-01-01	0		0	2	38
10	2023-10-12	1		1900-01-01	0		0	2	41
11	2023-10-13	1		1900-01-01	0		0	2	41
12	2023-10-13	1		1900-01-01	0		0	2	41
13	2023-10-16	1		1900-01-01	0		0	2	47
14	2023-06-13	1	In place of Old Mouse	1900-01-01	0		0	5	7
15	2023-12-26	1		1900-01-01	0		0	5	18
16	2023-12-26	1		1900-01-01	0		0	5	22
17	2023-10-13	1		1900-01-01	0		0	5	41
18	2023-10-26	1	TEST	2023-10-26	1	Replacement@74	1	5	46
19	2023-12-26	1		1900-01-01	0		0	6	18
20	2023-12-26	1		1900-01-01	0		0	6	22
21	2023-12-26	1		1900-01-01	0		0	6	25
22	2023-12-26	1		1900-01-01	0		0	6	25
23	2023-04-24	1		1900-01-01	0		0	6	28
24	2023-04-24	1		1900-01-01	0		0	6	28
25	2023-08-23	1	Issued Assets of Transferred Employee. 	1900-01-01	0		0	6	46
26	2023-08-02	1	TEST	2023-08-23	1	Returning Assets due to Transfer.	1	6	46
27	2023-04-27	1	PART OF COMBO	1900-01-01	0		0	6	48
28	2023-04-27	1	PART OF COMBO	1900-01-01	0		0	6	49
29	2023-04-27	1	PART OF COMBO	1900-01-01	0		0	6	50
30	2023-10-09	1		1900-01-01	0		0	6	52
31	2023-04-27	1	vga cable,power cable	1900-01-01	0		0	8	50
32	2023-04-27	1	vga cable,power cable	1900-01-01	0		0	9	50
33	2023-04-27	1	vga cable,power cable	1900-01-01	0		0	10	50
34	2023-04-27	1	vga cable,power cable 	1900-01-01	0		0	11	49
35	2023-04-27	1	vga cable,power cable 	1900-01-01	0		0	12	49
36	2023-04-27	1	vga cable,power cable 	1900-01-01	0		0	13	49
37	2023-04-27	1	vga cable,power cable	1900-01-01	0		0	14	48
38	2023-04-27	1	vga cable,power cable	1900-01-01	0		0	15	48
39	2023-04-27	1	vga cable,power cable	1900-01-01	0		0	16	48
40	2023-04-27	1	vga cable,power cable 	1900-01-01	0		0	17	49
41	2023-04-27	1	vga cable,power cable	1900-01-01	0		0	18	48
42	2023-04-27	1	vga cable,power cable	2023-06-01	1	video output fluctuating	1	19	50
43	2023-04-27	1	power cable, usb printer cable 	1900-01-01	0		0	20	48
44	2023-04-27	1	power cable , usb printer cable 	1900-01-01	0		0	21	49
45	2023-04-27	1	power cable, usb printer cable	1900-01-01	0		0	22	50
46	2023-04-27	1		1900-01-01	0		0	23	49
47	2023-04-27	1		1900-01-01	0		0	24	48
48	2023-10-26	1	Issued for Replacement	1900-01-01	0		0	25	46
49	2023-04-27	1	PART OF COMBO	1900-01-01	0		0	25	48
50	2023-04-27	1	PART OF COMBO	1900-01-01	0		0	25	49
51	2023-04-27	1	PART OF COMBO	1900-01-01	0		0	25	50
52	2023-10-09	1		1900-01-01	0		0	25	52
53	2023-10-18	1		1900-01-01	0		0	25	54
54	2023-10-18	1		1900-01-01	0		0	26	34
55	2023-04-27	1		1900-01-01	0		0	26	48
56	2023-04-27	1		1900-01-01	0		0	26	49
57	2023-04-27	1		1900-01-01	0		0	26	50
58	2023-12-26	1		1900-01-01	0		0	27	18
59	2023-12-26	1	With Adapter	1900-01-01	0		0	27	18
60	2023-12-26	1		1900-01-01	0		0	27	22
61	2023-12-26	1		1900-01-01	0		0	27	22
62	2023-10-17	1	With Adapter	1900-01-01	0		0	27	38
63	2023-10-17	1	With Adapter	1900-01-01	0		0	27	38
64	2023-04-27	1	With Adapter	1900-01-01	0		0	27	48
65	2023-04-27	1	With Adapter	1900-01-01	0		0	27	49
66	2023-04-27	1	With Adapter	1900-01-01	0		0	27	50
67	2023-04-27	1	With Adapter	1900-01-01	0		0	28	48
68	2023-04-27	1		1900-01-01	0		0	28	49
69	2023-04-27	1		1900-01-01	0		0	28	50
70	2023-04-27	1		1900-01-01	0		0	29	50
71	2023-12-26	1		1900-01-01	0		0	36	18
72	2023-12-26	2		1900-01-01	0		0	38	18
73	2023-12-26	1		1900-01-01	0		0	38	22
74	2023-12-26	1		1900-01-01	0		0	38	22
75	2023-12-26	1		1900-01-01	0		0	38	22
76	2023-12-26	1		1900-01-01	0		0	38	25
77	2023-12-26	1		1900-01-01	0		0	38	25
78	2023-10-18	1		1900-01-01	0		0	38	34
79	2023-10-18	1		1900-01-01	0		0	38	34
80	2023-10-18	1		1900-01-01	0		0	38	34
81	2023-10-18	1		1900-01-01	0		0	38	34
82	2023-10-18	1		1900-01-01	0		0	38	34
83	2023-10-18	1		1900-01-01	0		0	38	34
84	2023-10-18	1		1900-01-01	0		0	38	34
85	2023-10-18	1		1900-01-01	0		0	38	34
86	2023-10-09	1	 	1900-01-01	0		0	38	36
87	2023-10-17	2		1900-01-01	0		0	38	38
88	2023-10-17	1		1900-01-01	0		0	38	38
89	2023-10-17	1		1900-01-01	0		0	38	38
90	2023-10-12	1		1900-01-01	0		0	38	41
91	2023-10-13	1		1900-01-01	0		0	38	41
92	2023-10-12	1		1900-01-01	0		0	38	41
93	2023-10-16	1		1900-01-01	0		0	38	43
94	2023-08-23	1	Issued Assets of Transferred Employee. 	1900-01-01	0		0	38	46
95	2023-08-01	1	TEST	2023-08-23	1	Returning Assets due to Transfer.	1	38	46
96	2023-10-16	1		1900-01-01	0		0	38	47
97	2023-10-16	1		1900-01-01	0		0	38	47
98	2023-05-12	1	Dummy Data	1900-01-01	0		0	38	51
99	2023-10-18	1		1900-01-01	0		0	38	54
100	2023-12-26	1		1900-01-01	0		0	39	22
101	2023-10-17	1		1900-01-01	0		0	39	38
102	2023-10-17	1		1900-01-01	0		0	39	38
103	2023-10-12	1		1900-01-01	0		0	39	41
104	2023-10-16	1		1900-01-01	0		0	39	53
105	2023-10-18	1		1900-01-01	0		0	65	34
106	2023-06-01	1	Replacement of the CPU - INA507Q4W1	1900-01-01	0		0	69	50
107	2023-12-26	1		1900-01-01	0		0	86	22
108	2023-12-26	1		1900-01-01	0		0	103	22
109	2023-12-26	1		1900-01-01	0		0	104	22
110	2023-12-26	1		1900-01-01	0		0	110	25
111	2023-12-26	1		1900-01-01	0		0	128	25
112	2023-12-26	1		1900-01-01	0		0	160	18
113	2023-12-26	1		1900-01-01	0		0	161	18
114	2023-12-26	1		1900-01-01	0		0	162	18
115	2023-12-26	1		1900-01-01	0		0	167	22
116	2023-12-26	1		1900-01-01	0		0	171	25
117	2023-12-26	1		1900-01-01	0		0	185	18
118	2023-12-26	1		1900-01-01	0		0	186	18
119	2023-12-26	1		1900-01-01	0		0	189	22
120	2023-12-26	1		1900-01-01	0		0	193	25
121	2023-12-26	1		1900-01-01	0		0	222	25
122	2023-12-26	1		1900-01-01	0		0	242	18
123	2023-12-26	1	10.132.212.159	1900-01-01	0		0	622	22
124	2023-12-26	1		1900-01-01	0		0	623	22
125	2023-10-16	1	With Power Cable	1900-01-01	0		0	654	47
126	2023-12-26	1		1900-01-01	0		0	662	18
127	2023-12-26	1	10.132.212.141	1900-01-01	0		0	663	18
128	2023-12-26	1	10.132.212.170	1900-01-01	0		0	678	25
129	2023-12-26	1	10.132.212.169	1900-01-01	0		0	705	25
130	2023-12-26	1	10.132.212.139	1900-01-01	0		0	717	18
131	2023-12-26	1	10.132.212.60	1900-01-01	0		0	724	22
132	2023-12-26	1		1900-01-01	0		0	729	25
133	2023-12-26	1		1900-01-01	0		0	858	22
134	2023-12-26	1		1900-01-01	0		0	866	22
135	2023-10-16	1	With Power Cable,USB Printer Cable	1900-01-01	0		0	868	47
136	2023-12-26	1		1900-01-01	0		0	872	25
137	2023-10-17	1	With Power Cable,USB Printer Cable	1900-01-01	0		0	874	38
138	2023-12-26	1		1900-01-01	0		0	884	25
139	2023-12-26	1		1900-01-01	0		0	896	18
140	2023-12-26	1		1900-01-01	0		0	897	18
141	2023-12-26	1		1900-01-01	0		0	907	25
142	2023-12-26	1		1900-01-01	0		0	969	18
143	2023-12-26	1		1900-01-01	0		0	987	18
144	2023-12-26	1		1900-01-01	0		0	989	22
145	2023-12-26	1		1900-01-01	0		0	990	25
146	2023-10-18	1		1900-01-01	0		0	1017	54
147	2023-12-26	1		1900-01-01	0		0	1020	25
148	2023-12-26	1		1900-01-01	0		0	1023	18
149	2023-12-26	1		1900-01-01	0		0	1026	22
150	2023-12-26	1		1900-01-01	0		0	1028	22
151	2023-12-26	1	With 10 Meter HDMI cable	1900-01-01	0		0	1129	18
152	2023-12-26	1	With 10 Meter HDMI Cable	1900-01-01	0		0	1132	22
153	2023-12-26	1	With 10 Meter HDMI Cable	1900-01-01	0		0	1134	25
154	2023-12-26	1		1900-01-01	0		0	1233	22
155	2023-12-26	1		1900-01-01	0		0	1235	25
156	2023-10-09	1	vga cable,power cable	1900-01-01	0		0	1254	36
157	2023-10-09	1	vga cable,power cable	1900-01-01	0		0	1255	36
158	2023-10-09	1	power cable, usb printer cable 	1900-01-01	0		0	1256	36
159	2023-10-16	1	With Power Cable	1900-01-01	0		0	1259	53
160	2023-10-16	1	With Power Cable,VGA Cable	1900-01-01	0		0	1260	53
161	2023-10-16	1		1900-01-01	0		0	1261	53
162	2023-10-09	1	vga cable,power cable	1900-01-01	0		0	1262	52
163	2023-10-09	1	vga cable,power cable	1900-01-01	0		0	1263	52
164	2023-10-09	1	power cable, usb printer cable 	1900-01-01	0		0	1264	52
165	2023-10-09	1	vga cable,power cable	1900-01-01	0		0	1265	52
166	2023-10-09	1	vga cable,power cable	1900-01-01	0		0	1266	52
167	2023-10-09	1	power cable, usb printer cable 	1900-01-01	0		0	1267	52
168	2023-10-18	1		1900-01-01	0		0	1268	34
169	2023-10-13	1		1900-01-01	0		0	1268	41
170	2023-10-16	1		1900-01-01	0		0	1268	47
171	2023-10-09	1		1900-01-01	0		0	1268	52
172	2023-10-09	1		1900-01-01	0		0	1269	52
173	2023-10-16	1		1900-01-01	0		0	1269	53
174	2023-10-12	1	vga cable,power cable	1900-01-01	0		0	1270	41
175	2023-10-12	1	vga cable,power cable	1900-01-01	0		0	1271	41
176	2023-10-12	1	power cable, usb printer cable 	1900-01-01	0		0	1272	41
177	2023-10-12	1		1900-01-01	0		0	1273	41
178	2023-10-12	1	vga cable,power cable.	1900-01-01	0		0	1274	41
179	2023-10-12	1	vga cable,power cable.	1900-01-01	0		0	1275	41
180	2023-10-12	1		1900-01-01	0		0	1276	41
181	2023-10-12	1	power cable, usb printer cable 	1900-01-01	0		0	1277	41
182	2023-10-13	1	With Power Cable,VGA Cable	1900-01-01	0		0	1278	41
183	2023-10-13	1	With Power Cable,USB Printer Cable	1900-01-01	0		0	1279	41
184	2023-10-13	1	With Power Cable,VGA Cable	1900-01-01	0		0	1280	41
185	2023-10-13	1	With Power Cable,USB Printer Cable	1900-01-01	0		0	1281	41
186	2023-10-13	1	With Power Cable,VGA Cable	1900-01-01	0		0	1282	41
187	2023-10-13	1	With Power Cable,USB Printer Cable	1900-01-01	0		0	1283	41
188	2023-10-13	1		1900-01-01	0		0	1284	41
189	2023-10-13	1		1900-01-01	0		0	1285	41
190	2023-10-13	1		1900-01-01	0		0	1286	41
191	2023-10-13	1	With Power Cable	1900-01-01	0		0	1287	41
192	2023-12-26	1		1900-01-01	0		0	1288	18
193	2023-12-26	1		1900-01-01	0		0	1288	18
194	2023-12-26	1		1900-01-01	0		0	1288	22
195	2023-12-26	1		1900-01-01	0		0	1288	25
196	2023-10-18	1		1900-01-01	0		0	1288	34
197	2023-10-18	1		1900-01-01	0		0	1288	34
198	2023-10-18	1		1900-01-01	0		0	1288	34
199	2023-10-13	1		1900-01-01	0		0	1288	41
200	2023-10-16	1		1900-01-01	0		0	1288	43
201	2023-10-16	1		1900-01-01	0		0	1288	47
202	2023-10-13	1	With Power Cable	1900-01-01	0		0	1289	41
203	2023-10-13	1	With Power Cable	1900-01-01	0		0	1290	41
204	2023-10-16	1	With Power Cable	1900-01-01	0		0	1291	43
205	2023-10-16	1	With Power Cable,VGA Cable	1900-01-01	0		0	1292	43
206	2023-10-16	1	With Power Cable,USB Printer Cable	2023-10-19	1	Replacing	1	1293	43
207	2023-10-16	1		1900-01-01	0		0	1294	43
208	2023-10-16	1	With Power Cable	1900-01-01	0		0	1297	43
209	2023-10-16	1	With Power Cable,VGA Cable	1900-01-01	0		0	1298	43
210	2023-10-16	1		1900-01-01	0		0	1299	43
211	2023-10-16	1		1900-01-01	0		0	1300	43
212	2023-10-16	1		1900-01-01	0		0	1300	43
213	2023-10-16	1		1900-01-01	0		0	1300	47
214	2023-10-16	1	With Power Cable	1900-01-01	0		0	1301	47
215	2023-10-16	1	With Power Cable,VGA Cable	1900-01-01	0		0	1302	47
216	2023-10-16	1	With Power Cable,USB Printer Cable	1900-01-01	0		0	1303	47
217	2023-10-16	1		1900-01-01	0		0	1304	47
218	2023-10-16	1	With Power Cable	1900-01-01	0		0	1305	47
219	2023-10-16	1	With Power Cable,VGA Cable	1900-01-01	0		0	1306	47
220	2023-10-16	1		1900-01-01	0		0	1308	47
221	2023-10-16	1	With Power Cable,USB Printer Cable	1900-01-01	0		0	1311	47
222	2023-10-16	1		1900-01-01	0		0	1312	47
223	2023-10-16	1	With Power Cable,VGA Cable	1900-01-01	0		0	1313	47
224	2023-10-17	1	With Power Cable	1900-01-01	0		0	1314	38
225	2023-10-17	1	With Power Cable,VGA Cable	1900-01-01	0		0	1315	38
226	2023-12-26	1	With Adapter	1900-01-01	0		0	1316	18
227	2023-10-17	1	With Power Cable	1900-01-01	0		0	1317	38
228	2023-10-17	1	With Power Cable,VGA Cable	1900-01-01	0		0	1318	38
229	2023-10-17	1		1900-01-01	0		0	1319	38
230	2023-10-17	1		1900-01-01	0		0	1321	38
231	2023-10-17	1		1900-01-01	0		0	1322	38
232	2023-10-17	1	With Power Cable	1900-01-01	0		0	1323	38
233	2023-10-17	1	With Power Cable,VGA Cable	1900-01-01	0		0	1324	38
234	2023-10-17	1	With Power Cable,VGA Cable	1900-01-01	0		0	1325	38
235	2023-10-17	1	With Power Cable,USB Printer Cable	1900-01-01	0		0	1326	38
236	2023-10-18	1	 	1900-01-01	0		0	1328	34
237	2023-10-17	1		1900-01-01	0		0	1329	38
238	2023-10-17	1		1900-01-01	0		0	1330	38
239	2023-12-26	1		1900-01-01	0		0	1331	18
240	2023-12-26	1		1900-01-01	0		0	1331	22
241	2023-10-18	1		1900-01-01	0		0	1331	34
242	2023-10-18	1		1900-01-01	0		0	1331	34
243	2023-10-18	1		1900-01-01	0		0	1331	34
244	2023-10-18	1		1900-01-01	0		0	1331	34
245	2023-10-18	1		1900-01-01	0		0	1331	34
246	2023-10-18	1		1900-01-01	0		0	1331	34
247	2023-10-17	1		1900-01-01	0		0	1331	38
248	2023-10-18	1		1900-01-01	0		0	1331	54
249	2023-10-18	1		1900-01-01	0		0	1331	54
250	2023-10-18	1	With Power Cable and LAN Cable	1900-01-01	0		0	1332	34
251	2023-10-18	1	With Power Cable,VGA Cable	1900-01-01	0		0	1333	34
252	2023-10-18	1	With Power Cable,USB Printer Cable	1900-01-01	0		0	1334	34
253	2023-10-18	1		1900-01-01	0		0	1335	34
254	2023-10-18	1	With Power Cable 	1900-01-01	0		0	1336	34
255	2023-10-18	1	With Power Cable,VGA Cable	1900-01-01	0		0	1337	34
256	2023-10-18	1	With Power Cable,USB Printer Cable	1900-01-01	0		0	1338	34
257	2023-10-18	1		1900-01-01	0		0	1339	34
258	2023-10-18	1	With Power Cable and LAN Cable	1900-01-01	0		0	1340	34
259	2023-10-18	1	With Power Cable,VGA Cable	1900-01-01	0		0	1341	34
260	2023-10-18	1	With Power Cable,USB Printer Cable	1900-01-01	0		0	1342	34
261	2023-10-18	1	With Power Cable and LAN Cable	1900-01-01	0		0	1343	34
262	2023-10-18	1	With Power Cable,VGA Cable	1900-01-01	0		0	1344	34
263	2023-10-18	1		1900-01-01	0		0	1345	34
264	2023-10-18	1		1900-01-01	0		0	1346	34
265	2023-10-18	1	With Power Cable	1900-01-01	0		0	1347	34
266	2023-10-18	1	With Power Cable,VGA Cable	1900-01-01	0		0	1348	34
267	2023-10-18	1	With Power Cable,USB Printer Cable	1900-01-01	0		0	1349	34
268	2023-10-18	1		1900-01-01	0		0	1350	34
269	2023-10-18	1	With Power Cable 	1900-01-01	0		0	1351	34
270	2023-10-18	1	With Power Cable,VGA Cable	1900-01-01	0		0	1352	34
271	2023-10-18	1	With Power Cable,USB Printer Cable	1900-01-01	0		0	1353	34
272	2023-10-18	1		1900-01-01	0		0	1354	34
273	2023-10-18	1	With Power Cable and LAN Cable	1900-01-01	0		0	1355	34
274	2023-10-18	1	With Power Cable,VGA Cable	1900-01-01	0		0	1356	34
275	2023-10-18	1	With Power Cable,USB Printer Cable	1900-01-01	0		0	1357	34
276	2023-10-18	1		1900-01-01	0		0	1358	34
277	2023-10-18	1	With Power Cable and LAN Cable	1900-01-01	0		0	1359	34
278	2023-11-02	1	With Power Cable,VGA Cable	2023-11-02	1	Replacement@58	1	1360	34
279	2023-10-18	1	With Power Cable,USB Printer Cable	1900-01-01	0		0	1361	34
280	2023-10-18	1		1900-01-01	0		0	1362	34
281	2023-10-18	1	With Power Cable and LAN Cable	1900-01-01	0		0	1363	34
282	2023-10-18	1	With Power Cable,VGA Cable	1900-01-01	0		0	1364	34
283	2023-10-18	1		1900-01-01	0		0	1365	34
284	2023-10-18	1	With Power Cable 	1900-01-01	0		0	1366	34
285	2023-10-18	1	With Power Cable,VGA Cable	1900-01-01	0		0	1367	34
286	2023-10-18	1	With Power Cable and LAN Cable	1900-01-01	0		0	1368	34
287	2023-10-18	1	With Power Cable,VGA Cable	1900-01-01	0		0	1369	34
288	2023-10-18	1	With Power Cable,USB Printer Cable	1900-01-01	0		0	1370	34
289	2023-10-18	1		1900-01-01	0		0	1371	34
290	2023-10-18	1	With Power Cable 	1900-01-01	0		0	1372	34
291	2023-10-18	1	With Power Cable,USB Printer Cable	1900-01-01	0		0	1373	34
292	2023-10-18	1	With Power Cable	1900-01-01	0		0	1374	54
293	2023-10-18	1	With Power Cable,VGA Cable	1900-01-01	0		0	1375	54
294	2023-10-18	1	With Power Cable,USB Printer Cable	1900-01-01	0		0	1376	54
295	2023-10-18	1	With Power Cable and LAN Cable	1900-01-01	0		0	1377	54
296	2023-10-18	1	With Power Cable,VGA Cable	1900-01-01	0		0	1378	54
297	2023-10-18	1	With Power Cable,USB Printer Cable	1900-01-01	0		0	1379	54
298	2023-10-17	1		1900-01-01	0	 	0	1380	38
299	2023-10-17	1	With Power Adapter,TV Remote,Spliter and HDMI Cable,	1900-01-01	0	 	0	1381	38
300	2023-10-19	1	Given With Replacement,With Power Cable,USB Printer Cable	1900-01-01	0		0	1382	43
301	2023-11-02	1	Issued for Replacement	1900-01-01	0		0	1384	34
302	2023-12-26	1		1900-01-01	0		0	1385	22
303	2023-12-26	1		1900-01-01	0		0	1386	18
304	2023-12-26	1	10.132.212.155	1900-01-01	0		0	1387	22
305	2023-12-26	1		1900-01-01	0		0	1388	18
306	2023-12-26	1		1900-01-01	0		0	1389	22
307	2023-12-26	1		1900-01-01	0		0	1390	18
\.


--
-- Data for Name: inventory_purchasedetails; Type: TABLE DATA; Schema: public; Owner: postgres
--

COPY public.inventory_purchasedetails (purchase_id, purchase_date, billmemono, purchased_by, purchased_for, purchase_remarks, billmemodoc) FROM stdin;
1	1900-01-01	0000	DUMMY	DUMMY	DUMMY	DUMMY
\.


--
-- Data for Name: inventory_sectiondesignationmapper; Type: TABLE DATA; Schema: public; Owner: postgres
--

COPY public.inventory_sectiondesignationmapper (sdm_id, section_id, staff_id, ip_address) FROM stdin;
1	1	37	
2	2	37	
3	3	37	
4	4	37	
5	5	37	
6	6	37	
7	7	37	
8	8	37	
9	9	37	
10	10	37	
11	11	37	
12	12	37	
13	13	37	
14	14	37	
15	15	37	
16	16	37	
17	17	37	
18	18	37	
19	19	37	
20	20	37	
21	21	37	
22	22	37	
23	23	37	
24	24	37	
25	25	37	
26	26	37	
27	27	37	
28	28	37	
29	29	37	
30	30	37	
31	31	37	
32	32	37	
33	33	37	
34	34	37	
35	35	37	
36	36	37	
37	37	37	
38	38	37	
39	39	37	
40	40	37	
41	41	37	
42	42	37	
43	43	37	
44	44	37	
45	45	37	
46	46	37	
47	47	37	
48	48	37	
49	49	37	
50	50	37	
51	51	37	
52	52	37	
53	53	37	
54	54	37	
\.


--
-- Data for Name: inventory_sectiondetails; Type: TABLE DATA; Schema: public; Owner: postgres
--

COPY public.inventory_sectiondetails (section_id, section_type, section_name, floor, roomno, landmark, deleted, building_id) FROM stdin;
35	Section	SW Section				f	1
37	Section	Record Room				f	1
38	Section	Court Manager Room				f	2
39	Section	Help Desk				f	1
40	Section	Judicial Sservice Center				f	2
41	Section	Copying Section				f	1
42	Section	Library Section				f	1
43	Section	Central Filling Section				f	1
44	Section	VC Room				f	1
45	Section	Exam Cell				f	2
46	Section	Server Room				f	1
47	Section 	Nazarat				f	2
48	Court	I CJ-II Court				f	12
49	Court	VII CJ-II Court				f	12
50	Court	I ACJ-II Court				f	12
51	Court	CIVIL JUDGE CLASS-I, BHILAI-3				f	4
36	Section	Malkhana	Ground	21		f	1
53	Section	Abhilekhagar	Ground	19		f	1
52	Section	Abhilekhagar	Ground	16		f	1
54	Section	Statistical Section				f	1
34	Section	Office Section				f	12
4	Court	IV ADJ Court				f	2
5	Court	VI ADJ Court				f	2
6	Court	VIII ADJ Court				f	2
7	Court	FTC Court				f	2
8	Court	I FTC (POCSO) Court				f	2
9	Court	IV FTC (POCSO) Court				f	2
10	Court	Special Court				f	2
11	Court	PJ Family Court				f	3
12	Court	I APJ Family Court				f	3
13	Court	III APJ Family Court				f	3
14	Court	CJM Court				f	2
15	Court	II CJ-I Court				f	2
16	Court	III CJ-I Court				f	2
17	Court	IV CJ-I Court				f	2
18	Court	V CJ-I Court				f	2
19	Court	I ACJ-I Court				f	6
20	Court	II ACJ-I Court				f	1
21	Court	II CJ-II Court				f	2
22	Court	III CJ-II Court				f	2
23	Court	IV CJ-II Court				f	2
24	Court	V CJ-II Court				f	1
25	Court	VI CJ-II Court				f	1
26	Court	VIII CJ-II Court				f	1
27	Court	IX CJ-II Court				f	2
28	Court	X CJ-II Court				f	1
29	Court	XI CJ-II Court				f	1
30	Court	XIV CJ-II Court				f	2
31	Court	XV CJ-II Court				f	1
32	Court	XVI CJ-II Court				f	1
33	Court	VII CJ-II Court				f	3
1	Court	DJ Court	1st	1		f	2
2	Court	I ADJ Court	Ground Floor	23		f	2
3	Court	II ADJ Court				f	2
\.


--
-- Data for Name: inventory_staffdesignationmaster; Type: TABLE DATA; Schema: public; Owner: postgres
--

COPY public.inventory_staffdesignationmaster (staff_id, staff_des_name, staff_type) FROM stdin;
9	Reader Grade-I	Section
10	Reader Grade-II	Section
11	Assistant Grade-II	Section
12	Assistant Grade-III	Section
13	Deputy Registrar	Section
14	Bill Clerk	Section
15	Assistant Grade-I	Section
16	Statistical Writer	Section
17	Assistant Statistical Writer	Section
18	Process Writer	Section
19	System Officer	Section
20	System Assistant	Section
21	District Nazir	Section
22	Nayab Nazir	Section
23	Selamin	Section
24	Malkhana Nazir	Section
25	Assistant Programmer	Section
26	Head Copiest	Section
27	Assistant Copyist	Section
28	Court Manager	Section
29	Administrative Officer	Section
30	Deputy Court Of Cleark	Section
31	Librarian	Section
32	Record Keeper	Section
33	Assistant Record Keeper	Section
34	Registrar	Section
35	Assistant Registrar	Section
36	Office Typist	Section
37	NOT ASSIGNED	Section
1	Deposition Writer	Court
2	Process Writer-1	Court
3	Process Writer-2	Court
4	Stenographer-1	Court
5	Stenographer-2	Court
6	Stenographer (English)	Court
7	Civil Reader	Court
8	Criminal  Reader	Court
\.


--
-- Data for Name: inventory_userdetails; Type: TABLE DATA; Schema: public; Owner: postgres
--

COPY public.inventory_userdetails (usr_id, usr_name, usr_mobile, entry_date, usr_type, deleted) FROM stdin;
2	Ajay Kumar Sahu	 	2023-03-15	Staff	f
3	Ajay Kumar Sharma	 	2023-03-15	Staff	f
5	Anand Lanjewar	 	2023-03-15	Staff	f
6	Anil Sahu	 	2023-03-15	Staff	f
7	Anita Markande	 	2023-03-15	Staff	f
8	Anup Singh Thakur	 	2023-03-15	Staff	f
9	Apoorva Ujjalvkar	 	2023-03-15	Staff	f
10	Arun Kumar Warde	 	2023-03-15	Staff	f
11	Asha Dewangan	 	2023-03-15	Staff	f
12	Asha Singh	 	2023-03-15	Staff	f
13	Ashish Kumar Yadav	 	2023-03-15	Staff	f
14	Ashish Soni	 	2023-03-15	Staff	f
16	Atul Kumar Lokhande	 	2023-03-15	Staff	f
17	B. Vijayalakshmi	 	2023-03-15	Staff	f
18	Balram Das Manikpuri	 	2023-03-15	Staff	f
19	Bharti Das	 	2023-03-15	Staff	f
20	Bharti Dewangan	 	2023-03-15	Staff	f
21	Bharti Sonteke	 	2023-03-15	Staff	f
22	Bhavna Deshmukh	 	2023-03-15	Staff	f
23	Bhupendra Dewangan	 	2023-03-15	Staff	f
24	Bhupendra Kumar	 	2023-03-15	Staff	f
25	Brajmohan Singh Nataraj	 	2023-03-15	Staff	f
26	Chirag Sharma	 	2023-03-15	Staff	f
27	Chitrarekha Soni	 	2023-03-15	Staff	f
28	Damini Dhruve	 	2023-03-15	Staff	f
29	Deedaro Kair Sandhu	 	2023-03-15	Staff	f
32	Devendra Kumar Chaturvedi	 	2023-03-15	Staff	f
33	Devendra Kumar Soni	 	2023-03-15	Staff	f
34	Dhaniram	 	2023-03-15	Staff	f
35	Dilip Singh Rajput	 	2023-03-15	Staff	f
36	Doman Lal	 	2023-03-15	Staff	f
37	Durgesh Verma	 	2023-03-15	Staff	f
38	Gagan Pratap Yadav	 	2023-03-15	Staff	f
39	Gajendra Kumar Deshmukh	 	2023-03-15	Staff	f
40	Geeta Rahangdale	 	2023-03-15	Staff	f
41	Ghanshyam Badhai	 	2023-03-15	Staff	f
42	Ghanshyam Patel	 	2023-03-15	Staff	f
43	Giriraj Kumar	 	2023-03-15	Staff	f
44	Govinda Prasad	 	2023-03-15	Staff	f
45	Hem Singh Dhruv	 	2023-03-15	Staff	f
46	Hemanandini Sinha	 	2023-03-15	Staff	f
48	Intekhab Ahmed Khan	 	2023-03-15	Staff	f
49	Janeshwar Singh Bhardwaj	 	2023-03-15	Staff	f
50	Jitendra Kumar Swarnakar	 	2023-03-15	Staff	f
51	Jyoti Dewangan	 	2023-03-15	Staff	f
52	Jyoti Thakur	 	2023-03-15	Staff	f
53	K.K.Bile	 	2023-03-15	Staff	f
54	Kajal Bhelave	 	2023-03-15	Staff	f
55	Kamini Deshlahre	 	2023-03-15	Staff	f
57	Kanak Kumar Bhaina	 	2023-03-15	Staff	f
58	Kavita Dewangan	 	2023-03-15	Staff	f
60	Khelendra Kumar Dewangan	 	2023-03-15	Staff	f
61	Khemraj Delhiwar	 	2023-03-15	Staff	f
62	Khushboo Dewangan	 	2023-03-15	Staff	f
63	Khushbu Thakur	 	2023-03-15	Staff	f
64	Kiran Gendre	 	2023-03-15	Staff	f
65	Komal Chand Uike	 	2023-03-15	Staff	f
66	Krishna Kumar Yadav	 	2023-03-15	Staff	f
67	Kunjulal	 	2023-03-15	Staff	f
68	Kusumlata Sahu	 	2023-03-15	Staff	f
69	L.N.Rai	 	2023-03-15	Staff	f
70	Lalit Kumar Borkar	 	2023-03-15	Staff	f
72	Lokendra Kumar	 	2023-03-15	Staff	f
73	Lubna Siddiqui	 	2023-03-15	Staff	f
74	Madhubala Soni	 	2023-03-15	Staff	f
75	Madhukar Rao Pawar	 	2023-03-15	Staff	f
76	Mahendra Kumar Deshmukh	 	2023-03-15	Staff	f
77	Mahendra Pratap	 	2023-03-15	Staff	f
78	Mahesh Kumar Yadav	 	2023-03-15	Staff	f
79	Mamta Dhabre	 	2023-03-15	Staff	f
80	Mamta Ganveer	 	2023-03-15	Staff	f
81	Mamta Singh	 	2023-03-15	Staff	f
82	Manju Yadav	 	2023-03-15	Staff	f
83	Manohar Kumar Khadgi	 	2023-03-15	Staff	f
84	Manoj Kumar Malhotra	 	2023-03-15	Staff	f
85	Maya Tiwari	 	2023-03-15	Staff	f
86	Md. Sajid Qureshi	 	2023-03-15	Staff	f
88	Monika Dewangan	 	2023-03-15	Staff	f
89	Mr. R.K.Thakur	 	2023-03-15	Staff	f
90	Mrs. Seema Singh Rajput	 	2023-03-15	Staff	f
91	Ms. seema sahu	 	2023-03-15	Staff	f
92	Nandkishore Mate	 	2023-03-15	Staff	f
93	Naresh Kumar Sahu	 	2023-03-15	Staff	f
94	Neelam Pandey	 	2023-03-15	Staff	f
95	Neetu Singh Karma	 	2023-03-15	Staff	f
96	Nemkumari Dewangan	 	2023-03-15	Staff	f
97	Nidhi Bali	 	2023-03-15	Staff	f
99	Nohar Lal Dewangan	 	2023-03-15	Staff	f
100	Nohar Singh Bisen	 	2023-03-15	Staff	f
101	Parakh Deshmukh	 	2023-03-15	Staff	f
102	Pawan Kumar Singh	 	2023-03-15	Staff	f
103	Pileshwari Soni	 	2023-03-15	Staff	f
104	Pooja Pawar	 	2023-03-15	Staff	f
105	Poonam Patel	 	2023-03-15	Staff	f
106	Poornima Tulsikar	 	2023-03-15	Staff	f
107	Prabha Tiwari	 	2023-03-15	Staff	f
108	Prachi Hariharno	 	2023-03-15	Staff	f
109	Pradeep Kumar Sharma	 	2023-03-15	Staff	f
111	Pramod Kumar Achintya	 	2023-03-15	Staff	f
113	Premlata Panche	 	2023-03-15	Staff	f
114	priya kalousia	 	2023-03-15	Staff	f
115	Progress	 	2023-03-15	Staff	f
117	Purnanand Thakur	 	2023-03-15	Staff	f
118	Raju Nirmalkar	 	2023-03-15	Staff	f
120	Ramesh Kumar Kannauj	 	2023-03-15	Staff	f
121	Ranjana Patel	 	2023-03-15	Staff	f
122	Ranjana Thakur	 	2023-03-15	Staff	f
4	Amit Kumar Sahu	 	2023-03-15	Staff	f
123	Reena Nirmalkar	 	2023-03-15	Staff	f
124	Richa Jachak	 	2023-03-15	Staff	f
119	Ramesh Kumar Verma	 	2023-03-15	Staff	f
56	Kamlesh Kumar Paikra	 	2023-03-15	Staff	f
112	Pramod Kumar Soni	 	2023-03-15	Staff	f
31	Deepika Kumbhare	 	2023-03-15	Staff	f
87	Mohd. Shafiq	 	2023-03-15	Staff	f
71	Laxman Prasad Dewangan	 	2023-03-15	Staff	f
116	Puran Singh	 	2023-03-15	Staff	f
15	Asif Ali	 	2023-03-15	Staff	f
98	Nidhi Dua	 	2023-03-15	Staff	f
110	Pradeep Kumar Verma	 	2023-03-15	Staff	f
30	Deepak Kumar	 	2023-03-15	Staff	f
125	Roshni Soni	 	2023-03-15	Staff	f
126	Rukhsana Parveen	 	2023-03-15	Staff	f
127	Rupesh Kumar Sahu	 	2023-03-15	Staff	f
128	Sadhna Rao	 	2023-03-15	Staff	f
129	Sameer Soni	 	2023-03-15	Staff	f
130	Sanat Kumar Pandey	 	2023-03-15	Staff	f
131	Sanjay Kumar	 	2023-03-15	Staff	f
132	Sanjaydhar Dewan	 	2023-03-15	Staff	f
133	Sanjeev Kumar Ojha	 	2023-03-15	Staff	f
134	Santosh Kumar Jaiswal	 	2023-03-15	Staff	f
135	Saraswati Dhankar	 	2023-03-15	Staff	f
136	Savitri Tiwari	 	2023-03-15	Staff	f
137	Shailbala Ramteke	 	2023-03-15	Staff	f
138	Sharad Agarwal	 	2023-03-15	Staff	f
139	Shashikala	 	2023-03-15	Staff	f
140	Shivendra Sahu	 	2023-03-15	Staff	f
141	Shomita Bhattacharya	 	2023-03-15	Staff	f
142	Shreya Tiwari	 	2023-03-15	Staff	f
143	Shyam Sundar Sahu	 	2023-03-15	Staff	f
144	Siyaram Dilharan Verma	 	2023-03-15	Staff	f
145	Smriti Srivastava	 	2023-03-15	Staff	f
146	Smt. Dnyaneshwari Sahu	 	2023-03-15	Staff	f
149	Sohan Pradhan	 	2023-03-15	Staff	f
150	Suchitra Nishad	 	2023-03-15	Staff	f
151	Sudha Dwivedi	 	2023-03-15	Staff	f
152	Sudhakar Baghmare	 	2023-03-15	Staff	f
153	Sulakshana Ratnakar	 	2023-03-15	Staff	f
154	Sulochana Sahu	 	2023-03-15	Staff	f
156	Suraj Singh	 	2023-03-15	Staff	f
157	Surendra Kumar Kurre	 	2023-03-15	Staff	f
158	Suresh Kumar	 	2023-03-15	Staff	f
159	Sushma Mishra	 	2023-03-15	Staff	f
160	Swarnalata Chandra	 	2023-03-15	Staff	f
161	Tarun Kumar Chandrakar	 	2023-03-15	Staff	f
162	Tarun Kumar Sahu	 	2023-03-15	Staff	f
163	Tatu Singh Thakur	 	2023-03-15	Staff	f
166	Triveni Yadav	 	2023-03-15	Staff	f
167	Tushar Kumar Dupare	 	2023-03-15	Staff	f
168	Umesh Dewangan	 	2023-03-15	Staff	f
169	Umesh Kumar Kaushik	 	2023-03-15	Staff	f
170	Umeshwari	 	2023-03-15	Staff	f
173	Varsha Sahu	 	2023-03-15	Staff	f
174	Varun Kumar Tembhere	 	2023-03-15	Staff	f
175	Venu Sonteke	 	2023-03-15	Staff	f
176	Vijay Kumar Kaushik	 	2023-03-15	Staff	f
177	Vijay Kumar Shukla	 	2023-03-15	Staff	f
179	Vijaypal Singh Sisodia	 	2023-03-15	Staff	f
180	Vikas Kumar Dewangan	 	2023-03-15	Staff	f
181	Vikas Kumar Soni	 	2023-03-15	Staff	f
182	Vikesh Kumar Sharma	 	2023-03-15	Staff	f
183	Vimal Tiwari	 	2023-03-15	Staff	f
184	Virendra Kumar Kabire	 	2023-03-15	Staff	f
185	Vishambhar Bhateria	 	2023-03-15	Staff	f
186	Vishwas Yadav	 	2023-03-15	Staff	f
187	Yamini Vaika	 	2023-03-15	Staff	f
188	Yashwanti Singh	 	2023-03-15	Staff	f
189	Yogesh Bhanduria	 	2023-03-15	Staff	f
190	Yogesh Kumar	 	2023-03-15	Staff	f
191	Yogesh Kumar	 	2023-03-15	Staff	f
192	Yugal Kumar	 	2023-03-15	Staff	f
193	Yugank Tiwari	 	2023-03-15	Staff	f
194	Test		2023-03-16	Staff	f
165	Tikesh Kumar Sahu 	 	2023-03-15	Staff	f
47	Rishikesh Nirmalkar 	 	2023-03-15	Staff	f
1	Ajay Kumar Dewangan		2023-03-15	Staff	f
155	Suman Sahu	 	2023-03-15	Staff	f
195	Janki		2023-10-06	Staff	f
172	Vanita Borekar	 	2023-03-15	Staff	f
59	Khelan Singh Verma	 	2023-03-15	Staff	f
196	Gyaneshwar Bharatwaj		2023-10-13	Staff	f
148	Snigdha Vaishnav	 	2023-03-15	Staff	f
178	Vijay Kumar Tidke	 	2023-03-15	Staff	f
197	Fagooram Verma		2023-10-16	Staff	f
147	Snehlata Sharma	 	2023-03-15	Staff	f
164	Tekeshwari	 	2023-03-15	Staff	f
171	Yupendra Kumar Dewangan	 	2023-03-15	Staff	f
198	Didaro Kaur Sandhu		2023-10-18	Staff	f
199	Akash kumar Gupta		2023-12-26	Staff	f
200	Tiresh Kumar Banjare		2023-12-26	Staff	f
201	Sangeeta sahu		2023-12-26	Staff	f
\.


--
-- Name: auth_group_id_seq; Type: SEQUENCE SET; Schema: public; Owner: postgres
--

SELECT pg_catalog.setval('public.auth_group_id_seq', 1, false);


--
-- Name: auth_group_permissions_id_seq; Type: SEQUENCE SET; Schema: public; Owner: postgres
--

SELECT pg_catalog.setval('public.auth_group_permissions_id_seq', 1, false);


--
-- Name: auth_permission_id_seq; Type: SEQUENCE SET; Schema: public; Owner: postgres
--

SELECT pg_catalog.setval('public.auth_permission_id_seq', 84, true);


--
-- Name: auth_user_groups_id_seq; Type: SEQUENCE SET; Schema: public; Owner: postgres
--

SELECT pg_catalog.setval('public.auth_user_groups_id_seq', 1, false);


--
-- Name: auth_user_id_seq; Type: SEQUENCE SET; Schema: public; Owner: postgres
--

SELECT pg_catalog.setval('public.auth_user_id_seq', 1, false);


--
-- Name: auth_user_user_permissions_id_seq; Type: SEQUENCE SET; Schema: public; Owner: postgres
--

SELECT pg_catalog.setval('public.auth_user_user_permissions_id_seq', 1, false);


--
-- Name: django_admin_log_id_seq; Type: SEQUENCE SET; Schema: public; Owner: postgres
--

SELECT pg_catalog.setval('public.django_admin_log_id_seq', 1, false);


--
-- Name: django_content_type_id_seq; Type: SEQUENCE SET; Schema: public; Owner: postgres
--

SELECT pg_catalog.setval('public.django_content_type_id_seq', 21, true);


--
-- Name: django_migrations_id_seq; Type: SEQUENCE SET; Schema: public; Owner: postgres
--

SELECT pg_catalog.setval('public.django_migrations_id_seq', 22, true);


--
-- Name: inventory_buildingmaster_building_id_seq; Type: SEQUENCE SET; Schema: public; Owner: postgres
--

SELECT pg_catalog.setval('public.inventory_buildingmaster_building_id_seq', 13, true);


--
-- Name: inventory_courtestablishmentmaster_est_id_seq; Type: SEQUENCE SET; Schema: public; Owner: postgres
--

SELECT pg_catalog.setval('public.inventory_courtestablishmentmaster_est_id_seq', 6, false);


--
-- Name: inventory_employee_journey_emp_jou_id_seq; Type: SEQUENCE SET; Schema: public; Owner: postgres
--

SELECT pg_catalog.setval('public.inventory_employee_journey_emp_jou_id_seq', 1, false);


--
-- Name: inventory_healthstatusdetails_health_id_seq; Type: SEQUENCE SET; Schema: public; Owner: postgres
--

SELECT pg_catalog.setval('public.inventory_healthstatusdetails_health_id_seq', 215, false);


--
-- Name: inventory_productcategorymaster_product_cat_id_seq; Type: SEQUENCE SET; Schema: public; Owner: postgres
--

SELECT pg_catalog.setval('public.inventory_productcategorymaster_product_cat_id_seq', 26, false);


--
-- Name: inventory_productcompanymaster_product_com_id_seq; Type: SEQUENCE SET; Schema: public; Owner: postgres
--

SELECT pg_catalog.setval('public.inventory_productcompanymaster_product_com_id_seq', 77, false);


--
-- Name: inventory_productdetails_product_id_seq; Type: SEQUENCE SET; Schema: public; Owner: postgres
--

SELECT pg_catalog.setval('public.inventory_productdetails_product_id_seq', 1392, false);


--
-- Name: inventory_productmodelmaster_product_mod_id_seq; Type: SEQUENCE SET; Schema: public; Owner: postgres
--

SELECT pg_catalog.setval('public.inventory_productmodelmaster_product_mod_id_seq', 96, false);


--
-- Name: inventory_productpuchasedetails_propur_id_seq; Type: SEQUENCE SET; Schema: public; Owner: postgres
--

SELECT pg_catalog.setval('public.inventory_productpuchasedetails_propur_id_seq', 2, false);


--
-- Name: inventory_producttransactiondetails_pro_trans_id_seq; Type: SEQUENCE SET; Schema: public; Owner: postgres
--

SELECT pg_catalog.setval('public.inventory_producttransactiondetails_pro_trans_id_seq', 308, false);


--
-- Name: inventory_purchasedetails_purchase_id_seq; Type: SEQUENCE SET; Schema: public; Owner: postgres
--

SELECT pg_catalog.setval('public.inventory_purchasedetails_purchase_id_seq', 2, false);


--
-- Name: inventory_sectiondesignationmapper_sdm_id_seq; Type: SEQUENCE SET; Schema: public; Owner: postgres
--

SELECT pg_catalog.setval('public.inventory_sectiondesignationmapper_sdm_id_seq', 55, false);


--
-- Name: inventory_sectiondetails_section_id_seq; Type: SEQUENCE SET; Schema: public; Owner: postgres
--

SELECT pg_catalog.setval('public.inventory_sectiondetails_section_id_seq', 55, false);


--
-- Name: inventory_staffdesignationmaster_staff_id_seq; Type: SEQUENCE SET; Schema: public; Owner: postgres
--

SELECT pg_catalog.setval('public.inventory_staffdesignationmaster_staff_id_seq', 38, false);


--
-- Name: inventory_userdetails_usr_id_seq; Type: SEQUENCE SET; Schema: public; Owner: postgres
--

SELECT pg_catalog.setval('public.inventory_userdetails_usr_id_seq', 202, false);


--
-- Name: auth_group auth_group_name_key; Type: CONSTRAINT; Schema: public; Owner: postgres
--

ALTER TABLE ONLY public.auth_group
    ADD CONSTRAINT auth_group_name_key UNIQUE (name);


--
-- Name: auth_group_permissions auth_group_permissions_group_id_permission_id_0cd325b0_uniq; Type: CONSTRAINT; Schema: public; Owner: postgres
--

ALTER TABLE ONLY public.auth_group_permissions
    ADD CONSTRAINT auth_group_permissions_group_id_permission_id_0cd325b0_uniq UNIQUE (group_id, permission_id);


--
-- Name: auth_group_permissions auth_group_permissions_pkey; Type: CONSTRAINT; Schema: public; Owner: postgres
--

ALTER TABLE ONLY public.auth_group_permissions
    ADD CONSTRAINT auth_group_permissions_pkey PRIMARY KEY (id);


--
-- Name: auth_group auth_group_pkey; Type: CONSTRAINT; Schema: public; Owner: postgres
--

ALTER TABLE ONLY public.auth_group
    ADD CONSTRAINT auth_group_pkey PRIMARY KEY (id);


--
-- Name: auth_permission auth_permission_content_type_id_codename_01ab375a_uniq; Type: CONSTRAINT; Schema: public; Owner: postgres
--

ALTER TABLE ONLY public.auth_permission
    ADD CONSTRAINT auth_permission_content_type_id_codename_01ab375a_uniq UNIQUE (content_type_id, codename);


--
-- Name: auth_permission auth_permission_pkey; Type: CONSTRAINT; Schema: public; Owner: postgres
--

ALTER TABLE ONLY public.auth_permission
    ADD CONSTRAINT auth_permission_pkey PRIMARY KEY (id);


--
-- Name: auth_user_groups auth_user_groups_pkey; Type: CONSTRAINT; Schema: public; Owner: postgres
--

ALTER TABLE ONLY public.auth_user_groups
    ADD CONSTRAINT auth_user_groups_pkey PRIMARY KEY (id);


--
-- Name: auth_user_groups auth_user_groups_user_id_group_id_94350c0c_uniq; Type: CONSTRAINT; Schema: public; Owner: postgres
--

ALTER TABLE ONLY public.auth_user_groups
    ADD CONSTRAINT auth_user_groups_user_id_group_id_94350c0c_uniq UNIQUE (user_id, group_id);


--
-- Name: auth_user auth_user_pkey; Type: CONSTRAINT; Schema: public; Owner: postgres
--

ALTER TABLE ONLY public.auth_user
    ADD CONSTRAINT auth_user_pkey PRIMARY KEY (id);


--
-- Name: auth_user_user_permissions auth_user_user_permissions_pkey; Type: CONSTRAINT; Schema: public; Owner: postgres
--

ALTER TABLE ONLY public.auth_user_user_permissions
    ADD CONSTRAINT auth_user_user_permissions_pkey PRIMARY KEY (id);


--
-- Name: auth_user_user_permissions auth_user_user_permissions_user_id_permission_id_14a6b632_uniq; Type: CONSTRAINT; Schema: public; Owner: postgres
--

ALTER TABLE ONLY public.auth_user_user_permissions
    ADD CONSTRAINT auth_user_user_permissions_user_id_permission_id_14a6b632_uniq UNIQUE (user_id, permission_id);


--
-- Name: auth_user auth_user_username_key; Type: CONSTRAINT; Schema: public; Owner: postgres
--

ALTER TABLE ONLY public.auth_user
    ADD CONSTRAINT auth_user_username_key UNIQUE (username);


--
-- Name: django_admin_log django_admin_log_pkey; Type: CONSTRAINT; Schema: public; Owner: postgres
--

ALTER TABLE ONLY public.django_admin_log
    ADD CONSTRAINT django_admin_log_pkey PRIMARY KEY (id);


--
-- Name: django_content_type django_content_type_app_label_model_76bd3d3b_uniq; Type: CONSTRAINT; Schema: public; Owner: postgres
--

ALTER TABLE ONLY public.django_content_type
    ADD CONSTRAINT django_content_type_app_label_model_76bd3d3b_uniq UNIQUE (app_label, model);


--
-- Name: django_content_type django_content_type_pkey; Type: CONSTRAINT; Schema: public; Owner: postgres
--

ALTER TABLE ONLY public.django_content_type
    ADD CONSTRAINT django_content_type_pkey PRIMARY KEY (id);


--
-- Name: django_migrations django_migrations_pkey; Type: CONSTRAINT; Schema: public; Owner: postgres
--

ALTER TABLE ONLY public.django_migrations
    ADD CONSTRAINT django_migrations_pkey PRIMARY KEY (id);


--
-- Name: django_session django_session_pkey; Type: CONSTRAINT; Schema: public; Owner: postgres
--

ALTER TABLE ONLY public.django_session
    ADD CONSTRAINT django_session_pkey PRIMARY KEY (session_key);


--
-- Name: inventory_buildingmaster inventory_buildingmaster_pkey; Type: CONSTRAINT; Schema: public; Owner: postgres
--

ALTER TABLE ONLY public.inventory_buildingmaster
    ADD CONSTRAINT inventory_buildingmaster_pkey PRIMARY KEY (building_id);


--
-- Name: inventory_courtestablishmentmaster inventory_courtestablishmentmaster_pkey; Type: CONSTRAINT; Schema: public; Owner: postgres
--

ALTER TABLE ONLY public.inventory_courtestablishmentmaster
    ADD CONSTRAINT inventory_courtestablishmentmaster_pkey PRIMARY KEY (est_id);


--
-- Name: inventory_employee_journey inventory_employee_journey_pkey; Type: CONSTRAINT; Schema: public; Owner: postgres
--

ALTER TABLE ONLY public.inventory_employee_journey
    ADD CONSTRAINT inventory_employee_journey_pkey PRIMARY KEY (emp_jou_id);


--
-- Name: inventory_healthstatusdetails inventory_healthstatusdetails_pkey; Type: CONSTRAINT; Schema: public; Owner: postgres
--

ALTER TABLE ONLY public.inventory_healthstatusdetails
    ADD CONSTRAINT inventory_healthstatusdetails_pkey PRIMARY KEY (health_id);


--
-- Name: inventory_productcategorymaster inventory_productcategorymaster_pkey; Type: CONSTRAINT; Schema: public; Owner: postgres
--

ALTER TABLE ONLY public.inventory_productcategorymaster
    ADD CONSTRAINT inventory_productcategorymaster_pkey PRIMARY KEY (product_cat_id);


--
-- Name: inventory_productcompanymaster inventory_productcompanymaster_pkey; Type: CONSTRAINT; Schema: public; Owner: postgres
--

ALTER TABLE ONLY public.inventory_productcompanymaster
    ADD CONSTRAINT inventory_productcompanymaster_pkey PRIMARY KEY (product_com_id);


--
-- Name: inventory_productdetails inventory_productdetails_pkey; Type: CONSTRAINT; Schema: public; Owner: postgres
--

ALTER TABLE ONLY public.inventory_productdetails
    ADD CONSTRAINT inventory_productdetails_pkey PRIMARY KEY (product_id);


--
-- Name: inventory_productmodelmaster inventory_productmodelmaster_pkey; Type: CONSTRAINT; Schema: public; Owner: postgres
--

ALTER TABLE ONLY public.inventory_productmodelmaster
    ADD CONSTRAINT inventory_productmodelmaster_pkey PRIMARY KEY (product_mod_id);


--
-- Name: inventory_productpuchasedetails inventory_productpuchasedetails_pkey; Type: CONSTRAINT; Schema: public; Owner: postgres
--

ALTER TABLE ONLY public.inventory_productpuchasedetails
    ADD CONSTRAINT inventory_productpuchasedetails_pkey PRIMARY KEY (propur_id);


--
-- Name: inventory_producttransactiondetails inventory_producttransactiondetails_pkey; Type: CONSTRAINT; Schema: public; Owner: postgres
--

ALTER TABLE ONLY public.inventory_producttransactiondetails
    ADD CONSTRAINT inventory_producttransactiondetails_pkey PRIMARY KEY (pro_trans_id);


--
-- Name: inventory_purchasedetails inventory_purchasedetails_pkey; Type: CONSTRAINT; Schema: public; Owner: postgres
--

ALTER TABLE ONLY public.inventory_purchasedetails
    ADD CONSTRAINT inventory_purchasedetails_pkey PRIMARY KEY (purchase_id);


--
-- Name: inventory_sectiondesignationmapper inventory_sectiondesignationmapper_pkey; Type: CONSTRAINT; Schema: public; Owner: postgres
--

ALTER TABLE ONLY public.inventory_sectiondesignationmapper
    ADD CONSTRAINT inventory_sectiondesignationmapper_pkey PRIMARY KEY (sdm_id);


--
-- Name: inventory_sectiondetails inventory_sectiondetails_pkey; Type: CONSTRAINT; Schema: public; Owner: postgres
--

ALTER TABLE ONLY public.inventory_sectiondetails
    ADD CONSTRAINT inventory_sectiondetails_pkey PRIMARY KEY (section_id);


--
-- Name: inventory_staffdesignationmaster inventory_staffdesignationmaster_pkey; Type: CONSTRAINT; Schema: public; Owner: postgres
--

ALTER TABLE ONLY public.inventory_staffdesignationmaster
    ADD CONSTRAINT inventory_staffdesignationmaster_pkey PRIMARY KEY (staff_id);


--
-- Name: inventory_userdetails inventory_userdetails_pkey; Type: CONSTRAINT; Schema: public; Owner: postgres
--

ALTER TABLE ONLY public.inventory_userdetails
    ADD CONSTRAINT inventory_userdetails_pkey PRIMARY KEY (usr_id);


--
-- Name: auth_group_name_a6ea08ec_like; Type: INDEX; Schema: public; Owner: postgres
--

CREATE INDEX auth_group_name_a6ea08ec_like ON public.auth_group USING btree (name varchar_pattern_ops);


--
-- Name: auth_group_permissions_group_id_b120cbf9; Type: INDEX; Schema: public; Owner: postgres
--

CREATE INDEX auth_group_permissions_group_id_b120cbf9 ON public.auth_group_permissions USING btree (group_id);


--
-- Name: auth_group_permissions_permission_id_84c5c92e; Type: INDEX; Schema: public; Owner: postgres
--

CREATE INDEX auth_group_permissions_permission_id_84c5c92e ON public.auth_group_permissions USING btree (permission_id);


--
-- Name: auth_permission_content_type_id_2f476e4b; Type: INDEX; Schema: public; Owner: postgres
--

CREATE INDEX auth_permission_content_type_id_2f476e4b ON public.auth_permission USING btree (content_type_id);


--
-- Name: auth_user_groups_group_id_97559544; Type: INDEX; Schema: public; Owner: postgres
--

CREATE INDEX auth_user_groups_group_id_97559544 ON public.auth_user_groups USING btree (group_id);


--
-- Name: auth_user_groups_user_id_6a12ed8b; Type: INDEX; Schema: public; Owner: postgres
--

CREATE INDEX auth_user_groups_user_id_6a12ed8b ON public.auth_user_groups USING btree (user_id);


--
-- Name: auth_user_user_permissions_permission_id_1fbb5f2c; Type: INDEX; Schema: public; Owner: postgres
--

CREATE INDEX auth_user_user_permissions_permission_id_1fbb5f2c ON public.auth_user_user_permissions USING btree (permission_id);


--
-- Name: auth_user_user_permissions_user_id_a95ead1b; Type: INDEX; Schema: public; Owner: postgres
--

CREATE INDEX auth_user_user_permissions_user_id_a95ead1b ON public.auth_user_user_permissions USING btree (user_id);


--
-- Name: auth_user_username_6821ab7c_like; Type: INDEX; Schema: public; Owner: postgres
--

CREATE INDEX auth_user_username_6821ab7c_like ON public.auth_user USING btree (username varchar_pattern_ops);


--
-- Name: django_admin_log_content_type_id_c4bce8eb; Type: INDEX; Schema: public; Owner: postgres
--

CREATE INDEX django_admin_log_content_type_id_c4bce8eb ON public.django_admin_log USING btree (content_type_id);


--
-- Name: django_admin_log_user_id_c564eba6; Type: INDEX; Schema: public; Owner: postgres
--

CREATE INDEX django_admin_log_user_id_c564eba6 ON public.django_admin_log USING btree (user_id);


--
-- Name: django_session_expire_date_a5c62663; Type: INDEX; Schema: public; Owner: postgres
--

CREATE INDEX django_session_expire_date_a5c62663 ON public.django_session USING btree (expire_date);


--
-- Name: django_session_session_key_c0390e0f_like; Type: INDEX; Schema: public; Owner: postgres
--

CREATE INDEX django_session_session_key_c0390e0f_like ON public.django_session USING btree (session_key varchar_pattern_ops);


--
-- Name: inventory_buildingmaster_est_id_b3bc2290; Type: INDEX; Schema: public; Owner: postgres
--

CREATE INDEX inventory_buildingmaster_est_id_b3bc2290 ON public.inventory_buildingmaster USING btree (est_id);


--
-- Name: inventory_employee_journey_sdm_id_873fddb9; Type: INDEX; Schema: public; Owner: postgres
--

CREATE INDEX inventory_employee_journey_sdm_id_873fddb9 ON public.inventory_employee_journey USING btree (sdm_id);


--
-- Name: inventory_employee_journey_usr_id_cf4ef38b; Type: INDEX; Schema: public; Owner: postgres
--

CREATE INDEX inventory_employee_journey_usr_id_cf4ef38b ON public.inventory_employee_journey USING btree (usr_id);


--
-- Name: inventory_healthstatusdetails_product_id_d8f07cae; Type: INDEX; Schema: public; Owner: postgres
--

CREATE INDEX inventory_healthstatusdetails_product_id_d8f07cae ON public.inventory_healthstatusdetails USING btree (product_id);


--
-- Name: inventory_productcompanymaster_product_cat_id_4c95d812; Type: INDEX; Schema: public; Owner: postgres
--

CREATE INDEX inventory_productcompanymaster_product_cat_id_4c95d812 ON public.inventory_productcompanymaster USING btree (product_cat_id);


--
-- Name: inventory_productdetails_product_mod_id_8db622f4; Type: INDEX; Schema: public; Owner: postgres
--

CREATE INDEX inventory_productdetails_product_mod_id_8db622f4 ON public.inventory_productdetails USING btree (product_mod_id);


--
-- Name: inventory_productdetails_propur_id_b5464de4; Type: INDEX; Schema: public; Owner: postgres
--

CREATE INDEX inventory_productdetails_propur_id_b5464de4 ON public.inventory_productdetails USING btree (propur_id);


--
-- Name: inventory_productmodelmaster_product_com_id_ce5a7d6b; Type: INDEX; Schema: public; Owner: postgres
--

CREATE INDEX inventory_productmodelmaster_product_com_id_ce5a7d6b ON public.inventory_productmodelmaster USING btree (product_com_id);


--
-- Name: inventory_productpuchasedetails_product_id_dc58953d; Type: INDEX; Schema: public; Owner: postgres
--

CREATE INDEX inventory_productpuchasedetails_product_id_dc58953d ON public.inventory_productpuchasedetails USING btree (product_id);


--
-- Name: inventory_productpuchasedetails_purchase_id_b7732065; Type: INDEX; Schema: public; Owner: postgres
--

CREATE INDEX inventory_productpuchasedetails_purchase_id_b7732065 ON public.inventory_productpuchasedetails USING btree (purchase_id);


--
-- Name: inventory_producttransactiondetails_product_id_463e4eda; Type: INDEX; Schema: public; Owner: postgres
--

CREATE INDEX inventory_producttransactiondetails_product_id_463e4eda ON public.inventory_producttransactiondetails USING btree (product_id);


--
-- Name: inventory_producttransactiondetails_sdm_id_a9842e90; Type: INDEX; Schema: public; Owner: postgres
--

CREATE INDEX inventory_producttransactiondetails_sdm_id_a9842e90 ON public.inventory_producttransactiondetails USING btree (sdm_id);


--
-- Name: inventory_sectiondesignationmapper_section_id_178f215b; Type: INDEX; Schema: public; Owner: postgres
--

CREATE INDEX inventory_sectiondesignationmapper_section_id_178f215b ON public.inventory_sectiondesignationmapper USING btree (section_id);


--
-- Name: inventory_sectiondesignationmapper_staff_id_73779617; Type: INDEX; Schema: public; Owner: postgres
--

CREATE INDEX inventory_sectiondesignationmapper_staff_id_73779617 ON public.inventory_sectiondesignationmapper USING btree (staff_id);


--
-- Name: inventory_sectiondetails_building_id_9893d197; Type: INDEX; Schema: public; Owner: postgres
--

CREATE INDEX inventory_sectiondetails_building_id_9893d197 ON public.inventory_sectiondetails USING btree (building_id);


--
-- Name: auth_group_permissions auth_group_permissio_permission_id_84c5c92e_fk_auth_perm; Type: FK CONSTRAINT; Schema: public; Owner: postgres
--

ALTER TABLE ONLY public.auth_group_permissions
    ADD CONSTRAINT auth_group_permissio_permission_id_84c5c92e_fk_auth_perm FOREIGN KEY (permission_id) REFERENCES public.auth_permission(id) DEFERRABLE INITIALLY DEFERRED;


--
-- Name: auth_group_permissions auth_group_permissions_group_id_b120cbf9_fk_auth_group_id; Type: FK CONSTRAINT; Schema: public; Owner: postgres
--

ALTER TABLE ONLY public.auth_group_permissions
    ADD CONSTRAINT auth_group_permissions_group_id_b120cbf9_fk_auth_group_id FOREIGN KEY (group_id) REFERENCES public.auth_group(id) DEFERRABLE INITIALLY DEFERRED;


--
-- Name: auth_permission auth_permission_content_type_id_2f476e4b_fk_django_co; Type: FK CONSTRAINT; Schema: public; Owner: postgres
--

ALTER TABLE ONLY public.auth_permission
    ADD CONSTRAINT auth_permission_content_type_id_2f476e4b_fk_django_co FOREIGN KEY (content_type_id) REFERENCES public.django_content_type(id) DEFERRABLE INITIALLY DEFERRED;


--
-- Name: auth_user_groups auth_user_groups_group_id_97559544_fk_auth_group_id; Type: FK CONSTRAINT; Schema: public; Owner: postgres
--

ALTER TABLE ONLY public.auth_user_groups
    ADD CONSTRAINT auth_user_groups_group_id_97559544_fk_auth_group_id FOREIGN KEY (group_id) REFERENCES public.auth_group(id) DEFERRABLE INITIALLY DEFERRED;


--
-- Name: auth_user_groups auth_user_groups_user_id_6a12ed8b_fk_auth_user_id; Type: FK CONSTRAINT; Schema: public; Owner: postgres
--

ALTER TABLE ONLY public.auth_user_groups
    ADD CONSTRAINT auth_user_groups_user_id_6a12ed8b_fk_auth_user_id FOREIGN KEY (user_id) REFERENCES public.auth_user(id) DEFERRABLE INITIALLY DEFERRED;


--
-- Name: auth_user_user_permissions auth_user_user_permi_permission_id_1fbb5f2c_fk_auth_perm; Type: FK CONSTRAINT; Schema: public; Owner: postgres
--

ALTER TABLE ONLY public.auth_user_user_permissions
    ADD CONSTRAINT auth_user_user_permi_permission_id_1fbb5f2c_fk_auth_perm FOREIGN KEY (permission_id) REFERENCES public.auth_permission(id) DEFERRABLE INITIALLY DEFERRED;


--
-- Name: auth_user_user_permissions auth_user_user_permissions_user_id_a95ead1b_fk_auth_user_id; Type: FK CONSTRAINT; Schema: public; Owner: postgres
--

ALTER TABLE ONLY public.auth_user_user_permissions
    ADD CONSTRAINT auth_user_user_permissions_user_id_a95ead1b_fk_auth_user_id FOREIGN KEY (user_id) REFERENCES public.auth_user(id) DEFERRABLE INITIALLY DEFERRED;


--
-- Name: django_admin_log django_admin_log_content_type_id_c4bce8eb_fk_django_co; Type: FK CONSTRAINT; Schema: public; Owner: postgres
--

ALTER TABLE ONLY public.django_admin_log
    ADD CONSTRAINT django_admin_log_content_type_id_c4bce8eb_fk_django_co FOREIGN KEY (content_type_id) REFERENCES public.django_content_type(id) DEFERRABLE INITIALLY DEFERRED;


--
-- Name: django_admin_log django_admin_log_user_id_c564eba6_fk_auth_user_id; Type: FK CONSTRAINT; Schema: public; Owner: postgres
--

ALTER TABLE ONLY public.django_admin_log
    ADD CONSTRAINT django_admin_log_user_id_c564eba6_fk_auth_user_id FOREIGN KEY (user_id) REFERENCES public.auth_user(id) DEFERRABLE INITIALLY DEFERRED;


--
-- Name: inventory_buildingmaster inventory_buildingma_est_id_b3bc2290_fk_inventory; Type: FK CONSTRAINT; Schema: public; Owner: postgres
--

ALTER TABLE ONLY public.inventory_buildingmaster
    ADD CONSTRAINT inventory_buildingma_est_id_b3bc2290_fk_inventory FOREIGN KEY (est_id) REFERENCES public.inventory_courtestablishmentmaster(est_id) DEFERRABLE INITIALLY DEFERRED;


--
-- Name: inventory_employee_journey inventory_employee_j_sdm_id_873fddb9_fk_inventory; Type: FK CONSTRAINT; Schema: public; Owner: postgres
--

ALTER TABLE ONLY public.inventory_employee_journey
    ADD CONSTRAINT inventory_employee_j_sdm_id_873fddb9_fk_inventory FOREIGN KEY (sdm_id) REFERENCES public.inventory_sectiondesignationmapper(sdm_id) DEFERRABLE INITIALLY DEFERRED;


--
-- Name: inventory_employee_journey inventory_employee_j_usr_id_cf4ef38b_fk_inventory; Type: FK CONSTRAINT; Schema: public; Owner: postgres
--

ALTER TABLE ONLY public.inventory_employee_journey
    ADD CONSTRAINT inventory_employee_j_usr_id_cf4ef38b_fk_inventory FOREIGN KEY (usr_id) REFERENCES public.inventory_userdetails(usr_id) DEFERRABLE INITIALLY DEFERRED;


--
-- Name: inventory_healthstatusdetails inventory_healthstat_product_id_d8f07cae_fk_inventory; Type: FK CONSTRAINT; Schema: public; Owner: postgres
--

ALTER TABLE ONLY public.inventory_healthstatusdetails
    ADD CONSTRAINT inventory_healthstat_product_id_d8f07cae_fk_inventory FOREIGN KEY (product_id) REFERENCES public.inventory_productdetails(product_id) DEFERRABLE INITIALLY DEFERRED;


--
-- Name: inventory_productcompanymaster inventory_productcom_product_cat_id_4c95d812_fk_inventory; Type: FK CONSTRAINT; Schema: public; Owner: postgres
--

ALTER TABLE ONLY public.inventory_productcompanymaster
    ADD CONSTRAINT inventory_productcom_product_cat_id_4c95d812_fk_inventory FOREIGN KEY (product_cat_id) REFERENCES public.inventory_productcategorymaster(product_cat_id) DEFERRABLE INITIALLY DEFERRED;


--
-- Name: inventory_productdetails inventory_productdet_product_mod_id_8db622f4_fk_inventory; Type: FK CONSTRAINT; Schema: public; Owner: postgres
--

ALTER TABLE ONLY public.inventory_productdetails
    ADD CONSTRAINT inventory_productdet_product_mod_id_8db622f4_fk_inventory FOREIGN KEY (product_mod_id) REFERENCES public.inventory_productmodelmaster(product_mod_id) DEFERRABLE INITIALLY DEFERRED;


--
-- Name: inventory_productdetails inventory_productdet_propur_id_b5464de4_fk_inventory; Type: FK CONSTRAINT; Schema: public; Owner: postgres
--

ALTER TABLE ONLY public.inventory_productdetails
    ADD CONSTRAINT inventory_productdet_propur_id_b5464de4_fk_inventory FOREIGN KEY (propur_id) REFERENCES public.inventory_productpuchasedetails(propur_id) DEFERRABLE INITIALLY DEFERRED;


--
-- Name: inventory_productmodelmaster inventory_productmod_product_com_id_ce5a7d6b_fk_inventory; Type: FK CONSTRAINT; Schema: public; Owner: postgres
--

ALTER TABLE ONLY public.inventory_productmodelmaster
    ADD CONSTRAINT inventory_productmod_product_com_id_ce5a7d6b_fk_inventory FOREIGN KEY (product_com_id) REFERENCES public.inventory_productcompanymaster(product_com_id) DEFERRABLE INITIALLY DEFERRED;


--
-- Name: inventory_productpuchasedetails inventory_productpuc_product_id_dc58953d_fk_inventory; Type: FK CONSTRAINT; Schema: public; Owner: postgres
--

ALTER TABLE ONLY public.inventory_productpuchasedetails
    ADD CONSTRAINT inventory_productpuc_product_id_dc58953d_fk_inventory FOREIGN KEY (product_id) REFERENCES public.inventory_productmodelmaster(product_mod_id) DEFERRABLE INITIALLY DEFERRED;


--
-- Name: inventory_productpuchasedetails inventory_productpuc_purchase_id_b7732065_fk_inventory; Type: FK CONSTRAINT; Schema: public; Owner: postgres
--

ALTER TABLE ONLY public.inventory_productpuchasedetails
    ADD CONSTRAINT inventory_productpuc_purchase_id_b7732065_fk_inventory FOREIGN KEY (purchase_id) REFERENCES public.inventory_purchasedetails(purchase_id) DEFERRABLE INITIALLY DEFERRED;


--
-- Name: inventory_producttransactiondetails inventory_producttra_product_id_463e4eda_fk_inventory; Type: FK CONSTRAINT; Schema: public; Owner: postgres
--

ALTER TABLE ONLY public.inventory_producttransactiondetails
    ADD CONSTRAINT inventory_producttra_product_id_463e4eda_fk_inventory FOREIGN KEY (product_id) REFERENCES public.inventory_productdetails(product_id) DEFERRABLE INITIALLY DEFERRED;


--
-- Name: inventory_producttransactiondetails inventory_producttra_sdm_id_a9842e90_fk_inventory; Type: FK CONSTRAINT; Schema: public; Owner: postgres
--

ALTER TABLE ONLY public.inventory_producttransactiondetails
    ADD CONSTRAINT inventory_producttra_sdm_id_a9842e90_fk_inventory FOREIGN KEY (sdm_id) REFERENCES public.inventory_sectiondesignationmapper(sdm_id) DEFERRABLE INITIALLY DEFERRED;


--
-- Name: inventory_sectiondesignationmapper inventory_sectiondes_section_id_178f215b_fk_inventory; Type: FK CONSTRAINT; Schema: public; Owner: postgres
--

ALTER TABLE ONLY public.inventory_sectiondesignationmapper
    ADD CONSTRAINT inventory_sectiondes_section_id_178f215b_fk_inventory FOREIGN KEY (section_id) REFERENCES public.inventory_sectiondetails(section_id) DEFERRABLE INITIALLY DEFERRED;


--
-- Name: inventory_sectiondesignationmapper inventory_sectiondes_staff_id_73779617_fk_inventory; Type: FK CONSTRAINT; Schema: public; Owner: postgres
--

ALTER TABLE ONLY public.inventory_sectiondesignationmapper
    ADD CONSTRAINT inventory_sectiondes_staff_id_73779617_fk_inventory FOREIGN KEY (staff_id) REFERENCES public.inventory_staffdesignationmaster(staff_id) DEFERRABLE INITIALLY DEFERRED;


--
-- Name: inventory_sectiondetails inventory_sectiondet_building_id_9893d197_fk_inventory; Type: FK CONSTRAINT; Schema: public; Owner: postgres
--

ALTER TABLE ONLY public.inventory_sectiondetails
    ADD CONSTRAINT inventory_sectiondet_building_id_9893d197_fk_inventory FOREIGN KEY (building_id) REFERENCES public.inventory_buildingmaster(building_id) DEFERRABLE INITIALLY DEFERRED;


--
-- PostgreSQL database dump complete
--

